Map,Target,Slot,Asset,Service,Stage,Hero Suitability,Evidence,Privacy,Page Status,Flag,Arabic Alt
Service Page,/services/facade-cleaning,Hero,vibe-clean-pro-commercial-facade-cleaning-riyadh-001.webp,Facade Cleaning,During,Excellent,Strong Project Evidence,No,READY,,صورة حقيقية من أعمال فايب كلين برو توضح cleaning crew working along a large dark commercia
Service Page,/services/facade-cleaning,Gallery,vibe-clean-pro-facade-cleaning-al-jouf-airport-001.webp,Facade Cleaning,During,Excellent,Strong Project Evidence,No,READY,,صورة حقيقية من أعمال فايب كلين برو توضح boom-lift crew cleaning a multi-storey commercial 
Service Page,/services/facade-cleaning,Gallery,vibe-clean-pro-facade-cleaning-building-001.webp,Facade Cleaning,During,Excellent,Strong Project Evidence,No,READY,,عامل من فايب كلين برو أثناء تنظيف الواجهات ضمن مشروع حقيقي
Service Page,/services/facade-cleaning,Gallery,vibe-clean-pro-facade-cleaning-building-riyadh-001.webp,Facade Cleaning,During,Excellent,Strong Project Evidence,No,READY,,صورة حقيقية من أعمال فايب كلين برو توضح workers cleaning upper glass facade with access eq
Service Page,/services/facade-cleaning,Gallery,vibe-clean-pro-facade-cleaning-building-stage-001-4.webp,Facade Cleaning,During,Excellent,Strong Project Evidence,No,READY,,صورة حقيقية من أعمال فايب كلين برو أثناء تنظيف الواجهات
Service Page,/services/facade-cleaning,Gallery,vibe-clean-pro-facade-cleaning-commercial-building-001-11.webp,Facade Cleaning,During,Excellent,Strong Project Evidence,No,READY,,عامل من فايب كلين برو أثناء تنظيف الواجهات ضمن مشروع حقيقي
Service Page,/services/facade-cleaning,Gallery,vibe-clean-pro-facade-cleaning-commercial-building-001-5.webp,Facade Cleaning,During,Excellent,Strong Project Evidence,No,READY,,صورة حقيقية من أعمال فايب كلين برو توضح boom-lift crew cleaning a multi-storey commercial 
Service Page,/services/facade-cleaning,Gallery,vibe-clean-pro-facade-cleaning-commercial-building-riyadh-001-1.webp,Facade Cleaning,During,Excellent,Strong Project Evidence,No,READY,,عامل من فايب كلين برو أثناء تنظيف الواجهات ضمن مشروع حقيقي
Service Page,/services/facade-cleaning,Gallery,vibe-clean-pro-facade-cleaning-commercial-building-riyadh-001.webp,Facade Cleaning,During,Excellent,Strong Project Evidence,No,READY,,صورة حقيقية من أعمال فايب كلين برو توضح boom lift cleaning commercial facade
Service Page,/services/facade-cleaning,Gallery,vibe-clean-pro-facade-cleaning-commercial-riyadh.webp,Facade Cleaning,During,Excellent,Strong Project Evidence,No,READY,,صورة حقيقية من أعمال فايب كلين برو توضح boom lift cleaning restaurant storefront facade
Service Page,/services/facade-cleaning,Gallery,vibe-clean-pro-facade-cleaning-commercial-store-riyadh.webp,Facade Cleaning,During,Excellent,Strong Project Evidence,No,READY,,صورة حقيقية من أعمال فايب كلين برو توضح boom-lift worker cleaning a storefront facade
Service Page,/services/glass-cleaning,Hero,vibe-clean-pro-commercial-glass-cleaning-during-stage-001.webp,Glass Cleaning,During,Excellent,Strong Project Evidence,No,READY,,صورة حقيقية من أعمال فايب كلين برو توضح workers cleaning large commercial glass panels and
Service Page,/services/glass-cleaning,Gallery,vibe-clean-pro-commercial-glass-cleaning-stage-during-001.webp,Glass Cleaning,During,Excellent,Strong Project Evidence,No,READY,,صورة حقيقية من أعمال فايب كلين برو أثناء تنظيف الزجاج
Service Page,/services/glass-cleaning,Gallery,vibe-clean-pro-facade-cleaning-scaffolding-riyadh-001.webp,Glass Cleaning,During,Excellent,Strong Project Evidence,No,READY,,صورة حقيقية من أعمال فايب كلين برو توضح workers cleaning tall residential windows using ac
Service Page,/services/glass-cleaning,Gallery,vibe-clean-pro-glass-cleaning-before-001.webp,Glass Cleaning,During,Excellent,Strong Project Evidence,No,READY,,صورة حقيقية من أعمال فايب كلين برو أثناء تنظيف الزجاج
Service Page,/services/glass-cleaning,Gallery,vibe-clean-pro-glass-cleaning-commercial-stage-001-1.webp,Glass Cleaning,During,Excellent,Strong Project Evidence,No,READY,,صورة حقيقية من أعمال فايب كلين برو توضح workers cleaning large commercial glass panels and
Service Page,/services/glass-cleaning,Gallery,vibe-clean-pro-glass-cleaning-commercial-stage-001-2.webp,Glass Cleaning,During,Excellent,Strong Project Evidence,No,READY,,صورة حقيقية من أعمال فايب كلين برو توضح workers cleaning large commercial glass panels and
Service Page,/services/glass-cleaning,Gallery,vibe-clean-pro-glass-cleaning-commercial-store-during-001.webp,Glass Cleaning,During,Excellent,Strong Project Evidence,No,READY,,صورة حقيقية من أعمال فايب كلين برو توضح worker washing tall interior glass panels
Service Page,/services/glass-cleaning,Gallery,vibe-clean-pro-glass-cleaning-office-during-001.webp,Glass Cleaning,During,Excellent,Strong Project Evidence,No,READY,,عامل من فايب كلين برو أثناء تنظيف الزجاج ضمن مشروع حقيقي
Service Page,/services/glass-cleaning,Gallery,vibe-clean-pro-glass-cleaning-service-riyadh-001.webp,Glass Cleaning,During,Excellent,Strong Project Evidence,No,READY,,صورة حقيقية من أعمال فايب كلين برو توضح workers cleaning large commercial glass panels and
Service Page,/services/post-construction-cleaning,Hero,vibe-clean-pro-commercial-cleaning-post-construction-riyadh-001.webp,Post-Construction Cleaning,During,Excellent,Strong Project Evidence,No,READY,,عامل من فايب كلين برو أثناء تنظيف ما بعد البناء والتشطيب ضمن مشروع حقيقي
Service Page,/services/post-construction-cleaning,Gallery,vibe-clean-pro-bathroom-deep-cleaning-after-001.webp,Bathroom Cleaning,After,Excellent,Strong Project Evidence,No,READY,,نتيجة الموقع بعد تنظيف الحمامات ضمن مشروع حقيقي لفايب كلين برو
Service Page,/services/post-construction-cleaning,Gallery,vibe-clean-pro-deep-cleaning-after-stage-001.webp,Post-Construction Cleaning,After,Excellent,Strong Project Evidence,No,READY,,صورة حقيقية من أعمال فايب كلين برو توضح clean finished villa interior after detailed clean
Service Page,/services/post-construction-cleaning,Gallery,vibe-clean-pro-post-construction-cleaning-room-stage-001.webp,Post-Construction Cleaning,After,Excellent,Strong Project Evidence,No,READY,,صورة حقيقية من أعمال فايب كلين برو توضح clean finished villa interior after detailed clean
Service Page,/services/post-construction-cleaning,Gallery,vibe-clean-pro-post-construction-cleaning-villa-stage-after-001.webp,Post-Construction Cleaning,After,Excellent,Strong Project Evidence,No,READY,,صورة حقيقية من أعمال فايب كلين برو توضح clean finished villa interior after detailed clean
Service Page,/services/post-construction-cleaning,Gallery,vibe-clean-pro-villa-cleaning-after-001.webp,Post-Construction Cleaning,After,Excellent,Strong Project Evidence,No,READY,,صورة حقيقية من أعمال فايب كلين برو توضح clean finished villa interior after detailed clean
Service Page,/services/post-construction-cleaning,Gallery,vibe-clean-pro-villa-cleaning-after-floor-001.webp,Post-Construction Cleaning,After,Excellent,Strong Project Evidence,No,READY,,صورة حقيقية من أعمال فايب كلين برو توضح clean finished villa interior after detailed clean
Service Page,/services/post-construction-cleaning,Gallery,vibe-clean-pro-villa-post-construction-cleaning-riyadh-001.webp,Post-Construction Cleaning,During,Good,Strong Project Evidence,No,READY,,صورة من أعمال فايب كلين برو: تنظيف فيلا بعد أعمال التشطيب
Service Page,/services/post-construction-cleaning,Gallery,vibe-clean-pro-bathroom-cleaning-worker-riyadh-001-3.webp,Bathroom Cleaning,During,Good,Strong Project Evidence,No,READY,,صورة حقيقية من أعمال فايب كلين برو توضح worker cleaning bathroom vanity and sink
Service Page,/services/post-construction-cleaning,Gallery,vibe-clean-pro-bathroom-cleaning-worker-riyadh-001.webp,Bathroom Cleaning,During,Good,Strong Project Evidence,No,READY,,عامل من فايب كلين برو أثناء تنظيف الحمامات ضمن مشروع حقيقي
Service Page,/services/post-construction-cleaning,Video,VID-20260801-WA0018.mp4,Bathroom Cleaning,After / Walkthrough,Yes,Strong Project Evidence,No,READY,,فيديو حقيقي من أعمال فايب كلين برو يوضح تنظيف دورات المياه
Service Page,/services/commercial-cleaning,Hero,vibe-clean-pro-commercial-floor-cleaning-stage-during-001.webp,Commercial Cleaning,During,Excellent,Strong Project Evidence,No,READY,,صورة حقيقية من أعمال فايب كلين برو توضح workers cleaning large polished commercial floor
Service Page,/services/commercial-cleaning,Gallery,vibe-clean-pro-facade-cleaning-commercial-building-001-6.webp,Commercial Cleaning,After,Excellent,Useful Project Evidence,No,READY,,صورة حقيقية من أعمال فايب كلين برو توضح clean commercial building exterior shown after ser
Service Page,/services/commercial-cleaning,Gallery,vibe-clean-pro-facade-glass-cleaning-aldahayan-trading-co-riyadh-001.webp,Commercial Cleaning,General,Excellent,Useful Project Evidence,No,READY,,صورة حقيقية من أعمال فايب كلين برو توضح تنظيف تجاري
Service Page,/services/commercial-cleaning,Gallery,vibe-clean-pro-commercial-cleaning-gym-floor-001.webp,Sports Facility Cleaning,During,Good,Strong Project Evidence,No,READY,,صورة حقيقية من أعمال فايب كلين برو توضح worker cleaning sports facility floor and equipmen
Service Page,/services/commercial-cleaning,Gallery,vibe-clean-pro-commercial-gym-cleaning-service-001-1.webp,Sports Equipment Cleaning,During,Good,Strong Project Evidence,No,READY,,صورة حقيقية من أعمال فايب كلين برو توضح cleaning gym and sports equipment
Service Page,/services/commercial-cleaning,Gallery,vibe-clean-pro-commercial-gym-cleaning-service-001.webp,Sports Equipment Cleaning,During,Good,Strong Project Evidence,No,READY,,صورة حقيقية من أعمال فايب كلين برو توضح worker cleaning gym exercise machine
Service Page,/services/commercial-cleaning,Gallery,vibe-clean-pro-commercial-kitchen-cleaning-stage-001-2.webp,Commercial Cleaning,During,Good,Strong Project Evidence,No,READY,,صورة حقيقية من أعمال فايب كلين برو توضح workers cleaning commercial kitchen or service cou
Service Page,/services/commercial-cleaning,Gallery,vibe-clean-pro-commercial-kitchen-deep-cleaning-riyadh-001.webp,Commercial Cleaning,During,Good,Strong Project Evidence,No,READY,,عامل من فايب كلين برو أثناء تنظيف تجاري ضمن مشروع حقيقي
Service Page,/services/commercial-cleaning,Gallery,vibe-clean-pro-post-construction-cleaning-office-stage-001.webp,Sports Facility Cleaning,During,Good,Strong Project Evidence,No,READY,,صورة حقيقية من أعمال فايب كلين برو توضح deep cleaning inside sports academy facility
Service Page,/services/office-cleaning,Hero,vibe-clean-pro-office-cleaning-service-stage-001.webp,Office Cleaning,During,Excellent,Strong Project Evidence,No,READY,,صورة حقيقية من أعمال فايب كلين برو توضح workers cleaning an office interior with glass par
Service Page,/services/office-cleaning,Gallery,vibe-clean-pro-glass-cleaning-villa-stage-during-001-1.webp,Office Cleaning,During,Excellent,Strong Project Evidence,No,READY,,صورة حقيقية من أعمال فايب كلين برو أثناء تنظيف المكاتب
Service Page,/services/office-cleaning,Gallery,vibe-clean-pro-office-cleaning-worker-window-001.webp,Office Cleaning,During,Excellent,Strong Project Evidence,No,READY,,صورة حقيقية من أعمال فايب كلين برو توضح worker cleaning desks and workspace surfaces in an
Service Page,/services/office-cleaning,Gallery,vibe-clean-pro-office-floor-cleaning-riyadh.webp,Office Cleaning,During,Excellent,Strong Project Evidence,No,READY,,صورة حقيقية من أعمال فايب كلين برو أثناء تنظيف المكاتب
Service Page,/services/office-cleaning,Gallery,vibe-clean-pro-commercial-cleaning-office-corridor-stage-001.webp,Office Cleaning,During,Good,Strong Project Evidence,No,READY,,صورة حقيقية من أعمال فايب كلين برو أثناء تنظيف المكاتب
Service Page,/services/office-cleaning,Gallery,vibe-clean-pro-commercial-facade-glass-cleaning-stage-during-001.webp,Office Cleaning,During,Good,Strong Project Evidence,No,READY,,صورة حقيقية من أعمال فايب كلين برو أثناء تنظيف المكاتب
Service Page,/services/office-cleaning,Gallery,vibe-clean-pro-deep-cleaning-villa-stage-001-2.webp,Office Cleaning,During,Good,Strong Project Evidence,No,READY,,صورة حقيقية من أعمال فايب كلين برو أثناء تنظيف المكاتب
Service Page,/services/office-cleaning,Gallery,vibe-clean-pro-glass-cleaning-office-stage-001-1.webp,Office Cleaning,During,Good,Strong Project Evidence,No,READY,,صورة حقيقية من أعمال فايب كلين برو أثناء تنظيف المكاتب
Service Page,/services/office-cleaning,Gallery,vibe-clean-pro-glass-cleaning-service-riyadh-1.webp,Office Cleaning,During,Good,Strong Project Evidence,No,READY,,صورة حقيقية من أعمال فايب كلين برو أثناء تنظيف المكاتب
Service Page,/services/exterior-surface-cleaning,Hero,vibe-clean-pro-outdoor-cleaning-service-stage-001-1.webp,Exterior Surface Cleaning,During,Excellent,Strong Project Evidence,No,READY,,صورة حقيقية من أعمال فايب كلين برو توضح workers cleaning company yards and outdoor walkway
Service Page,/services/exterior-surface-cleaning,Gallery,vibe-clean-pro-commercial-outdoor-cleaning-mcdonalds.webp,Exterior Surface Cleaning,During,Excellent,Strong Project Evidence,No,READY,,صورة حقيقية من أعمال فايب كلين برو توضح workers cleaning outdoor restaurant or retail pavi
Service Page,/services/exterior-surface-cleaning,Gallery,vibe-clean-pro-outdoor-cleaning-villa-stage-001-1.webp,Garden / Exterior Cleaning,During,Excellent,Strong Project Evidence,No,READY,,صورة حقيقية من أعمال فايب كلين برو توضح workers cleaning palace yard and landscaped walkwa
Service Page,/services/exterior-surface-cleaning,Gallery,vibe-clean-pro-commercial-cleaning-floor-polishing-stage-001.webp,Parking Cleaning,During,Good,Strong Project Evidence,No,READY,,صورة حقيقية من أعمال فايب كلين برو توضح cleaning team washing and scrubbing a commercial p
Service Page,/services/exterior-surface-cleaning,Gallery,vibe-clean-pro-commercial-cleaning-parking-garage-during-001.webp,Parking Cleaning,During,Good,Strong Project Evidence,No,READY,,صورة حقيقية من أعمال فايب كلين برو توضح cleaning team washing and scrubbing a commercial p
Service Page,/services/exterior-surface-cleaning,Gallery,vibe-clean-pro-commercial-parking-floor-cleaning-stage-001.webp,Parking Cleaning,During,Good,Strong Project Evidence,No,READY,,صورة حقيقية من أعمال فايب كلين برو توضح cleaning team washing and scrubbing a commercial p
Service Page,/services/exterior-surface-cleaning,Gallery,vibe-clean-pro-facade-cleaning-commercial-building-riyadh.webp,Exterior Surface Cleaning,During,Good,Strong Project Evidence,No,READY,,صورة حقيقية من أعمال فايب كلين برو توضح team cleaning large outdoor paved area
Service Page,/services/exterior-surface-cleaning,Gallery,vibe-clean-pro-facade-cleaning-glass-roof-stage-001.webp,Exterior Surface Cleaning,During,Good,Strong Project Evidence,No,READY,,صورة حقيقية من أعمال فايب كلين برو توضح team cleaning large exterior roof or paved surface
Service Page,/services/exterior-surface-cleaning,Gallery,vibe-clean-pro-outdoor-cleaning-roof-terrace-stage-001.webp,Exterior Surface Cleaning,During,Good,Strong Project Evidence,No,READY,,عامل من فايب كلين برو أثناء تنظيف الأسطح والممرات الخارجية ضمن مشروع حقيقي
Service Page,/services/exterior-surface-cleaning,Video,VID-20260507-WA0130.mp4,Exterior Surface Cleaning,During,Yes,Strong Project Evidence,No,READY,,فيديو حقيقي من أعمال فايب كلين برو يوضح تنظيف الأسطح الخارجية
Service Page,/services/floor-cleaning,Hero,vibe-clean-pro-floor-cleaning-commercial-stage-001.webp,Floor Cleaning,During,Good,Strong Project Evidence,No,READY,,صورة حقيقية من أعمال فايب كلين برو توضح worker operating floor polishing or scrubbing mach
Service Page,/services/floor-cleaning,Gallery,vibe-clean-pro-carpet-cleaning-stage-during-001.webp,Floor Cleaning,During,Good,Strong Project Evidence,No,READY,,صورة حقيقية من أعمال فايب كلين برو توضح worker cleaning or extracting dirt from residentia
Service Page,/services/floor-cleaning,Gallery,vibe-clean-pro-commercial-cleaning-after-stage-001.webp,Floor Cleaning,After,Good,Strong Project Evidence,No,READY,,نتيجة الموقع بعد تنظيف الأرضيات ضمن مشروع حقيقي لفايب كلين برو
Service Page,/services/floor-cleaning,Gallery,vibe-clean-pro-commercial-cleaning-corridor-stage-001-1.webp,Floor Cleaning,During,Good,Strong Project Evidence,No,READY,,صورة حقيقية من أعمال فايب كلين برو توضح worker cleaning or extracting dirt from residentia
Service Page,/services/floor-cleaning,Gallery,vibe-clean-pro-commercial-cleaning-corridor-stage-during-001.webp,Floor Cleaning,During,Good,Strong Project Evidence,No,READY,,صورة حقيقية من أعمال فايب كلين برو توضح cleaning team washing and detailing a commercial c
Service Page,/services/floor-cleaning,Gallery,vibe-clean-pro-commercial-floor-cleaning-corridor-stage-001.webp,Floor Cleaning,During,Good,Strong Project Evidence,No,READY,,صورة حقيقية من أعمال فايب كلين برو توضح cleaning team washing and detailing a commercial c
Service Page,/services/floor-cleaning,Gallery,vibe-clean-pro-commercial-floor-cleaning-stage-001.webp,Floor Cleaning,During,Good,Strong Project Evidence,No,READY,,صورة حقيقية من أعمال فايب كلين برو توضح team cleaning large dark commercial floor
Service Page,/services/floor-cleaning,Gallery,vibe-clean-pro-deep-cleaning-commercial-lounge-001.webp,Floor Cleaning,During,Good,Strong Project Evidence,No,READY,,صورة حقيقية من أعمال فايب كلين برو توضح worker performing detailed floor and surface clean
Service Page,/services/floor-cleaning,Gallery,vibe-clean-pro-deep-cleaning-service-stage-001.webp,Floor Cleaning,During,Good,Strong Project Evidence,No,READY,,صورة حقيقية من أعمال فايب كلين برو توضح worker performing detailed floor and surface clean
Service Page,/services/floor-cleaning,Video,VID-20260723-WA0002.mp4,Floor Cleaning,After / Walkthrough,Yes,Strong Project Evidence,No,READY,,فيديو حقيقي من أعمال فايب كلين برو يوضح تنظيف الأرضيات
Service Page,/services/villa-cleaning,Hero,vibe-clean-pro-deep-cleaning-villa-stage-001.webp,Villa Cleaning,During,Excellent,Strong Project Evidence,No,READY,,صورة حقيقية من أعمال فايب كلين برو توضح cleaning team performing general detailed cleaning
Service Page,/services/villa-cleaning,Gallery,vibe-clean-pro-commercial-post-construction-cleaning-riyadh-001.webp,Villa Cleaning,During,Excellent,Strong Project Evidence,No,READY,,صورة حقيقية من أعمال فايب كلين برو توضح cleaning team performing general detailed cleaning
Service Page,/services/villa-cleaning,Gallery,vibe-clean-pro-villa-floor-cleaning-stage-during-001.webp,Villa Cleaning,During,Good,Strong Project Evidence,No,READY,,صورة من أعمال فايب كلين برو: تنظيف أرضيات فيلا أثناء التنفيذ
Service Page,/services/villa-cleaning,Gallery,vibe-clean-pro-air-conditioner-cleaning-kitchen-vent-during-001.webp,Villa Kitchen Cleaning,During,Good,Strong Project Evidence,No,READY,,صورة حقيقية من أعمال فايب كلين برو توضح worker deep cleaning villa kitchen surfaces
Service Page,/services/villa-cleaning,Gallery,vibe-clean-pro-bathroom-cleaning-worker-riyadh-001-2.webp,Villa Cleaning,During,Good,Strong Project Evidence,No,READY,,صورة حقيقية من أعمال فايب كلين برو أثناء تنظيف فيلا
Service Page,/services/villa-cleaning,Gallery,vibe-clean-pro-bathroom-glass-cleaning-riyadh-001.webp,Bathroom Cleaning,During,Good,Strong Project Evidence,No,READY,,صورة حقيقية من أعمال فايب كلين برو توضح worker cleaning bathroom wall and fixtures
Service Page,/services/villa-cleaning,Gallery,vibe-clean-pro-bathroom-sink-cleaning-stage-during-001.webp,Bathroom Cleaning,During,Good,Strong Project Evidence,No,READY,,عامل من فايب كلين برو أثناء تنظيف الحمامات ضمن مشروع حقيقي
Service Page,/services/villa-cleaning,Gallery,vibe-clean-pro-commercial-bathroom-cleaning-after-001-1.webp,Villa Cleaning,During,Good,Strong Project Evidence,No,READY,,صورة حقيقية من أعمال فايب كلين برو أثناء تنظيف فيلا
Service Page,/services/villa-cleaning,Gallery,vibe-clean-pro-commercial-cleaning-bathroom-stage-001-1.webp,Villa Cleaning,During,Good,Strong Project Evidence,No,READY,,صورة حقيقية من أعمال فايب كلين برو أثناء تنظيف فيلا
Service Page,/services/villa-cleaning,Video,VID-20260801-WA0018.mp4,Bathroom Cleaning,After / Walkthrough,Yes,Strong Project Evidence,No,READY,,فيديو حقيقي من أعمال فايب كلين برو يوضح تنظيف دورات المياه
Service Page,/services/house-cleaning,Hero,vibe-clean-pro-living-room-deep-cleaning-001.webp,Deep Cleaning,During,Good,Strong Project Evidence,No,READY,,صورة من أعمال فايب كلين برو: تنظيف عميق لصالة سكنية
Service Page,/services/house-cleaning,Gallery,vibe-clean-pro-commercial-ceiling-cleaning-during-001.webp,Chandelier Cleaning,During,Excellent,Strong Project Evidence,No,READY,,صورة حقيقية من أعمال فايب كلين برو توضح worker cleaning large decorative chandelier
Service Page,/services/house-cleaning,Gallery,vibe-clean-pro-commercial-cleaning-boom-lift-riyadh.webp,High-Level Interior Cleaning,During,Excellent,Strong Project Evidence,No,READY,,صورة حقيقية من أعمال فايب كلين برو توضح crew cleaning high interior architectural elements
Service Page,/services/house-cleaning,Gallery,vibe-clean-pro-commercial-cleaning-chandelier-during-001.webp,Chandelier Cleaning,During,Excellent,Strong Project Evidence,No,READY,,صورة حقيقية من أعمال فايب كلين برو توضح worker cleaning a large chandelier using elevated 
Service Page,/services/house-cleaning,Gallery,vibe-clean-pro-commercial-cleaning-post-construction-stage-001.webp,Deep Cleaning,During,Excellent,Strong Project Evidence,No,READY,,عامل من فايب كلين برو أثناء تنظيف عميق ضمن مشروع حقيقي
Service Page,/services/house-cleaning,Gallery,vibe-clean-pro-commercial-cleaning-scaffolding-stage-001-1.webp,High-Level Interior Cleaning,During,Excellent,Strong Project Evidence,No,READY,,صورة حقيقية من أعمال فايب كلين برو توضح crew cleaning high interior architectural elements
Service Page,/services/house-cleaning,Gallery,vibe-clean-pro-commercial-glass-cleaning-ceiling-installation-riyadh.webp,Chandelier Cleaning,During,Excellent,Strong Project Evidence,No,READY,,صورة حقيقية من أعمال فايب كلين برو توضح تنظيف الثريات والنجف
Service Page,/services/house-cleaning,Gallery,vibe-clean-pro-ceiling-cleaning-worker-stage-001.webp,High-Level Interior Cleaning,During,Good,Strong Project Evidence,No,READY,,"صورة حقيقية من أعمال فايب كلين برو توضح worker cleaning high ceiling, wall or overhead int"
Service Page,/services/house-cleaning,Gallery,vibe-clean-pro-commercial-cleaning-air-conditioner-stage-001.webp,High-Level Interior Cleaning,During,Good,Strong Project Evidence,No,READY,,"صورة حقيقية من أعمال فايب كلين برو توضح worker cleaning high ceiling, wall or overhead int"
Service Page,/services/house-cleaning,Video,VID-20260801-WA0018.mp4,Bathroom Cleaning,After / Walkthrough,Yes,Strong Project Evidence,No,READY,,فيديو حقيقي من أعمال فايب كلين برو يوضح تنظيف دورات المياه
Service Page,/services/sofa-cleaning,Hero,vibe-clean-pro-sofa-cleaning-service-riyadh.webp,Sofa Cleaning,During,Excellent,Strong Project Evidence,No,READY,,صورة من أعمال فايب كلين برو: عامل بالزي ينظف كنبة بالاستخلاص
Service Page,/services/sofa-cleaning,Gallery,vibe-clean-pro-sofa-upholstery-cleaning-living-room-001.webp,Sofa Cleaning,During,Good,Strong Project Evidence,No,READY,,صورة من أعمال فايب كلين برو: فريق ينظف كنب صالة كاملة بالمكانس والاستخلاص
Service Page,/services/sofa-cleaning,Gallery,vibe-clean-pro-upholstery-cleaning-living-room-001.webp,Sofa Cleaning,During,Good,Strong Project Evidence,No,READY,,عامل من فايب كلين برو أثناء تنظيف الكنب ضمن مشروع حقيقي
Service Page,/services/sofa-cleaning,Gallery,vibe-clean-pro-majlis-cleaning-cushions-arranged-riyadh-001.webp,Upholstery Cleaning,During,Good,Useful Project Evidence,No,READY,,صورة حقيقية من أعمال فايب كلين برو توضح تنظيف المفروشات
Service Page,/services/sofa-cleaning,Gallery,vibe-clean-pro-post-construction-cleaning-office-during-001.webp,Furniture Cleaning,During,Good,Useful Project Evidence,No,READY,,"صورة حقيقية من أعمال فايب كلين برو توضح worker detail-cleaning built-in furniture, cabinet"
Service Page,/services/sofa-cleaning,Gallery,vibe-clean-pro-post-construction-cleaning-worker-site-001.webp,Furniture Cleaning,During,Good,Useful Project Evidence,No,READY,,"صورة حقيقية من أعمال فايب كلين برو توضح worker detail-cleaning built-in furniture, cabinet"
Service Page,/services/sofa-cleaning,Gallery,vibe-clean-pro-post-construction-cleaning-worker-stage-001-1.webp,Furniture Cleaning,During,Good,Useful Project Evidence,No,READY,,"صورة حقيقية من أعمال فايب كلين برو توضح worker detail-cleaning built-in furniture, cabinet"
Service Page,/services/majlis-cleaning,Hero,vibe-clean-pro-majlis-sofa-cleaning-equipment-001.webp,Majlis Cleaning,General,Excellent,Brand / Team Evidence,No,NEEDS MEDIA,,صورة من أعمال فايب كلين برو: معدات تنظيف المجالس والكنب داخل مجلس مؤثث
Service Page,/services/carpet-cleaning,Hero,vibe-clean-pro-carpet-cleaning-majlis-001.webp,Carpet Cleaning,During,Excellent,Strong Project Evidence,No,NEEDS MEDIA,,صورة من أعمال فايب كلين برو: ماكينة جلي على سجادة مجلس مع كنب مبطن
Service Page,/services/water-tank-cleaning,Hero,vibe-clean-pro-water-tank-cleaning-worker-during-001.webp,Water Tank Cleaning,During,Excellent,Strong Project Evidence,No,READY,,صورة من أعمال فايب كلين برو: عامل بكمامة وقفازات يكشط ويعقّم جدار خزان مياه
Service Page,/services/water-tank-cleaning,Gallery,vibe-clean-pro-water-tank-cleaning-riyadh-001.webp,Water Tank Cleaning,During,Good,Strong Project Evidence,No,READY,يحتاج تأكيد المصدر — أسلوب تصوير مختلف عن باقي المكتبة,صورة من أعمال فايب كلين برو: عاملان داخل خزان مطلي بالإيبوكسي أثناء العمل
Service Page,/services/water-tank-cleaning,Gallery,vibe-clean-pro-water-tank-cleaning-stage-001.webp,Water Tank Cleaning,During,Good,Strong Project Evidence,No,READY,,صورة من أعمال فايب كلين برو: مرحلة تنظيف خزان مياه
Service Page,/services/water-tank-cleaning,Gallery,vibe-clean-pro-water-tank-cleaning-worker-riyadh-001-1.webp,Water Tank Cleaning,During,Good,Strong Project Evidence,No,READY,,صورة من أعمال فايب كلين برو: عامل ينظف داخل خزان مياه
Service Page,/services/water-tank-cleaning,Gallery,vibe-clean-pro-water-tank-cleaning-worker-riyadh-001.webp,Water Tank Cleaning,During,Good,Strong Project Evidence,No,READY,,صورة من أعمال فايب كلين برو: عامل ينظف جدار خزان المياه
Service Page,/services/ac-cleaning,Hero,vibe-clean-pro-air-conditioner-cleaning-riyadh-stage-001.webp,Air Conditioner Cleaning,During,Excellent,Strong Project Evidence,No,NEEDS MEDIA,,صورة من أعمال فايب كلين برو: فني ينظف وحدة سبليت داخلية مع تغطية واقية للجدار
Service Page,/services/ac-cleaning,Gallery,vibe-clean-pro-air-conditioner-cleaning-service-riyadh.webp,Air Conditioner Cleaning,During,Good,Useful Project Evidence,No,NEEDS MEDIA,يحتاج تأكيد المصدر — أسلوب تصوير مختلف عن باقي المكتبة,صورة من أعمال فايب كلين برو: لقطة قريبة لتنظيف ملف مكيف سبليت بالبخار
Service Page,/services/ac-cleaning,Gallery,vibe-clean-pro-air-conditioner-cleaning-stage-during-001.webp,Air Conditioner Cleaning,During,Average,Useful Project Evidence,No,NEEDS MEDIA,,صورة من أعمال فايب كلين برو: تنظيف وحدة تكييف أثناء التنفيذ
Service Page,/services/marble-polishing,Hero,vibe-clean-pro-floor-cleaning-machine-office-001.webp,Floor Polishing,During,Excellent,Strong Project Evidence,No,READY,,عامل من فايب كلين برو أثناء جلي وتلميع الأرضيات ضمن مشروع حقيقي
Service Page,/services/marble-polishing,Gallery,vibe-clean-pro-floor-cleaning-machine-riyadh.webp,Floor Polishing,During,Excellent,Strong Project Evidence,No,READY,,عامل من فايب كلين برو أثناء جلي وتلميع الأرضيات ضمن مشروع حقيقي
Service Page,/services/marble-polishing,Gallery,vibe-clean-pro-floor-cleaning-commercial-stage-001-1.webp,Floor Polishing,During,Good,Strong Project Evidence,No,READY,,صورة حقيقية من أعمال فايب كلين برو توضح worker using rotary floor machine
Service Page,/services/marble-polishing,Gallery,vibe-clean-pro-floor-cleaning-machine-riyadh-2.webp,Floor Polishing,During,Good,Strong Project Evidence,No,READY,,عامل من فايب كلين برو أثناء جلي وتلميع الأرضيات ضمن مشروع حقيقي
Service Page,/services/marble-polishing,Gallery,vibe-clean-pro-floor-cleaning-outdoor-area-001.webp,Exterior Floor Polishing,During,Good,Strong Project Evidence,No,READY,,عامل من فايب كلين برو أثناء جلي وتنظيف الأرضيات الخارجية ضمن مشروع حقيقي
Service Page,/services/marble-polishing,Gallery,vibe-clean-pro-floor-cleaning-service-stage-during-001.webp,Floor Polishing,During,Good,Strong Project Evidence,No,READY,,صورة حقيقية من أعمال فايب كلين برو توضح worker polishing indoor floor with rotary machine
Service Page,/services/marble-polishing,Gallery,vibe-clean-pro-outdoor-floor-cleaning-machine-001.webp,Exterior Floor Polishing,During,Good,Strong Project Evidence,No,READY,,عامل من فايب كلين برو أثناء جلي وتنظيف الأرضيات الخارجية ضمن مشروع حقيقي
Service Page,/services/pool-cleaning,Hero,vibe-clean-pro-outdoor-swimming-pool-cleaning-riyadh-001.webp,Swimming Pool Cleaning,During,Excellent,Strong Project Evidence,No,NEEDS MEDIA,,صورة حقيقية من أعمال فايب كلين برو توضح workers cleaning large swimming pool
Service Page,/services/pool-cleaning,Gallery,swimming-pool-cleaning-service-riyadh-during-001.webp,Swimming Pool Cleaning,During,Good,Strong Project Evidence,No,NEEDS MEDIA,,صورة حقيقية من أعمال فايب كلين برو توضح workers cleaning villa swimming pool
Service Page,/services/pool-cleaning,Gallery,vibe-clean-pro-swimming-pool-cleaning-during-001.webp,Swimming Pool Cleaning,During,Good,Strong Project Evidence,No,NEEDS MEDIA,,صورة حقيقية من أعمال فايب كلين برو توضح worker cleaning tiled swimming pool
Service Page,/services/pool-cleaning,Gallery,vibe-clean-pro-swimming-pool-cleaning-stage-001.webp,Swimming Pool Cleaning,During,Good,Strong Project Evidence,No,NEEDS MEDIA,,صورة حقيقية من أعمال فايب كلين برو توضح workers cleaning empty swimming pool surface
Homepage,/,Hero,vibe-clean-pro-villa-cleaning-service-stage-during-001.webp,Villa Cleaning,,,,,,فريق من 4 أفراد بالزي الموحد داخل فيلا — يخدم النية العامة + العلامة. واجهة الـ hero تبقى حصرية لصفحة الواجهات,
Homepage,/,Service tile → /services/facade-cleaning,vibe-clean-pro-facade-cleaning-crane-riyadh-001.webp,Facade Cleaning,,,,,,boom-lift worker cleaning a large exterior wall at height,
Homepage,/,Service tile → /services/glass-cleaning,vibe-clean-pro-glass-cleaning-service-stage-001-1.webp,Glass Cleaning,,,,,,workers cleaning large commercial glass panels and windows,
Homepage,/,Service tile → /services/post-construction-cleaning,vibe-clean-pro-floor-cleaning-outdoor-area-001-1.webp,Post-Construction Cleaning,,,,,,workers removing construction residue from exterior flooring and entrance surfac,
Homepage,/,Service tile → /services/commercial-cleaning,vibe-clean-pro-shop-cleaning-commercial-stage-001.webp,Commercial Cleaning,,,,,,cleaning crew working at a commercial storefront entrance,
Homepage,/,Service tile → /services/office-cleaning,vibe-clean-pro-glass-cleaning-staircase-riyadh.webp,Office Cleaning,,,,,,"workers cleaning polished floors, glass, counters, stairs and office interior su",
Homepage,/,Service tile → /services/exterior-surface-cleaning,vibe-clean-pro-outdoor-cleaning-stage-001-1.webp,Exterior Cleaning,,,,,,worker cleaning outdoor patio and furniture at a residential property,
Homepage,/,Service tile → /services/floor-cleaning,vibe-clean-pro-commercial-floor-cleaning-stage-001.webp,Floor Cleaning,,,,,,team cleaning large dark commercial floor (يعاد استخدامها من معرض الصفحة — ليست hero الصفحة),
Homepage,/,Service tile → /services/villa-cleaning,vibe-clean-pro-villa-floor-cleaning-stage-during-001.webp,Villa Cleaning,,,,,,تنظيف أرضيات فيلا أثناء التنفيذ (يعاد استخدامها من معرض الصفحة — ليست hero الصفحة),
Homepage,/,Service tile → /services/water-tank-cleaning,vibe-clean-pro-water-tank-cleaning-worker-riyadh-001.webp,Water Tank Cleaning,,,,,,عامل ينظف جدار خزان المياه (يعاد استخدامها من معرض الصفحة — ليست hero الصفحة),
Homepage,/,Trust / Team,vibe-clean-pro-facade-cleaning-service-stage-001-11.webp,Equipment,,,,,,boom-lift cleaning vehicles positioned outside a commercial site,
Homepage,/,Trust / Team,VID-20260916-WA0001.mp4,Team / Brand,,,,,,Vibe Clean Pro cleaning team lined up in branded uniforms,
Homepage,/,Trust / Logo,vibe-clean-pro-logo-primary.png,Brand Asset,,,,,,الشعار الرسمي (+ white / dark حسب الخلفية),
Homepage,/,Projects strip (5),← من Project Media Map بعد تأكيد المالك,,,,,,,لا يُنشر أي مشروع قبل التأكيد,
Homepage,/,Articles strip (5),← من Article Media Map,,,,,,,صور شرح حقيقية فقط,
Homepage,/,Areas,لا صورة أحياء,,,,,,,أصلان فقط بدليل حي (العقيق/اليرموك) — غير كافٍ؛ استخدم خريطة/أيقونات أحياء بدون صور مزعومة,
Homepage,/,Reviews,لا صور,,,,,,,لا تقييمات مزيفة ولا aggregateRating — نص فقط عند توفر مراجعات حقيقية,
Homepage,/,Final CTA,لا صورة — خلفية العلامة (surface-atmos) + الشعار,Brand Asset,,,,,,لا يُعاد استخدام أي hero صفحة في الـ CTA,
Project,CAND-20260614-VILLA-01,Candidate,vibe-clean-pro-outdoor-cleaning-stage-001-1.webp,Exterior Cleaning,During,Good,Strong Project Evidence,No,NEEDS OWNER CONFIRMATION,متوسط (مرحلة واحدة),صورة حقيقية من أعمال فايب كلين برو توضح worker cleaning outdoor patio and furniture at a r
Project,CAND-20260614-VILLA-01,Candidate,vibe-clean-pro-villa-cleaning-staircase-stage-001.webp,Floor Cleaning,During,Good,Strong Project Evidence,No,NEEDS OWNER CONFIRMATION,متوسط (مرحلة واحدة),صورة حقيقية من أعمال فايب كلين برو توضح worker cleaning or extracting dirt from residentia
Project,CAND-20260614-VILLA-01,Candidate,vibe-clean-pro-deep-cleaning-villa-worker-vacuum-001.webp,Floor Cleaning,During,Good,Strong Project Evidence,No,NEEDS OWNER CONFIRMATION,متوسط (مرحلة واحدة),صورة حقيقية من أعمال فايب كلين برو توضح worker using a wet/dry vacuum for detailed interio
Project,CAND-20260614-VILLA-01,Candidate,vibe-clean-pro-outdoor-cleaning-stage-during-001.webp,Exterior Cleaning,During,Good,Strong Project Evidence,No,NEEDS OWNER CONFIRMATION,متوسط (مرحلة واحدة),صورة حقيقية من أعمال فايب كلين برو توضح worker cleaning outdoor patio and furniture at a r
Project,CAND-20260614-VILLA-01,Candidate,vibe-clean-pro-kitchen-appliance-cleaning-001.webp,Kitchen Cleaning,During,Good,Strong Project Evidence,No,NEEDS OWNER CONFIRMATION,متوسط (مرحلة واحدة),صورة حقيقية من أعمال فايب كلين برو توضح worker performing detailed cleaning of kitchen cab
Project,CAND-20260614-VILLA-01,Candidate,vibe-clean-pro-general-cleaning-3.webp,Kitchen Cleaning,During,Good,Strong Project Evidence,No,NEEDS OWNER CONFIRMATION,متوسط (مرحلة واحدة),صورة حقيقية من أعمال فايب كلين برو توضح worker performing detailed cleaning of kitchen cab
Project,CAND-20260614-VILLA-01,Candidate,vibe-clean-pro-deep-cleaning-service-stage-during-001.webp,Wall Cleaning,During,Good,Useful Project Evidence,No,NEEDS OWNER CONFIRMATION,متوسط (مرحلة واحدة),"صورة حقيقية من أعمال فايب كلين برو توضح worker detail-cleaning wall panels, skirting or de"
Project,CAND-20260614-VILLA-01,Candidate,vibe-clean-pro-facade-cleaning-scaffolding-riyadh-001.webp,Glass Cleaning,During,Excellent,Strong Project Evidence,No,NEEDS OWNER CONFIRMATION,متوسط (مرحلة واحدة),صورة حقيقية من أعمال فايب كلين برو توضح workers cleaning tall residential windows using ac
Project,CAND-20260614-VILLA-01,Candidate,vibe-clean-pro-post-construction-cleaning-door-frame-001.webp,High-Level Interior Cleaning,During,Good,Strong Project Evidence,No,NEEDS OWNER CONFIRMATION,متوسط (مرحلة واحدة),صورة حقيقية من أعمال فايب كلين برو توضح workers using ladder access to clean high entrance
Project,CAND-20260614-VILLA-01,Candidate,vibe-clean-pro-post-construction-cleaning-bathroom-floor-001.webp,Kitchen Cleaning,During,Good,Strong Project Evidence,No,NEEDS OWNER CONFIRMATION,متوسط (مرحلة واحدة),صورة حقيقية من أعمال فايب كلين برو توضح worker performing detailed cleaning of kitchen cab
Project,CAND-20260614-VILLA-01,Candidate,vibe-clean-pro-post-construction-cleaning-worker-site-001.webp,Furniture Cleaning,During,Good,Useful Project Evidence,No,NEEDS OWNER CONFIRMATION,متوسط (مرحلة واحدة),"صورة حقيقية من أعمال فايب كلين برو توضح worker detail-cleaning built-in furniture, cabinet"
Project,CAND-20260614-VILLA-01,Candidate,vibe-clean-pro-post-construction-cleaning-worker-stage-001-1.webp,Furniture Cleaning,During,Good,Useful Project Evidence,No,NEEDS OWNER CONFIRMATION,متوسط (مرحلة واحدة),"صورة حقيقية من أعمال فايب كلين برو توضح worker detail-cleaning built-in furniture, cabinet"
Project,CAND-20260614-VILLA-01,Candidate,vibe-clean-pro-deep-cleaning-villa-stage-001.webp,Villa Cleaning,During,Excellent,Strong Project Evidence,No,NEEDS OWNER CONFIRMATION,متوسط (مرحلة واحدة),صورة حقيقية من أعمال فايب كلين برو توضح cleaning team performing general detailed cleaning
Project,CAND-20260614-VILLA-01,Candidate,vibe-clean-pro-post-construction-cleaning-worker-stage-001-2.webp,Floor Cleaning,During,Good,Strong Project Evidence,No,NEEDS OWNER CONFIRMATION,متوسط (مرحلة واحدة),صورة حقيقية من أعمال فايب كلين برو توضح worker cleaning or extracting dirt from residentia
Project,CAND-20260614-VILLA-01,Candidate,vibe-clean-pro-commercial-post-construction-cleaning-riyadh-001.webp,Villa Cleaning,During,Excellent,Strong Project Evidence,No,NEEDS OWNER CONFIRMATION,متوسط (مرحلة واحدة),صورة حقيقية من أعمال فايب كلين برو توضح cleaning team performing general detailed cleaning
Project,CAND-20260614-VILLA-01,Candidate,vibe-clean-pro-post-construction-cleaning-living-room-001-1.webp,Floor Cleaning,During,Good,Strong Project Evidence,No,NEEDS OWNER CONFIRMATION,متوسط (مرحلة واحدة),صورة حقيقية من أعمال فايب كلين برو توضح worker cleaning or extracting dirt from residentia
Project,CAND-20260614-VILLA-01,Candidate,vibe-clean-pro-carpet-cleaning-stage-during-001.webp,Floor Cleaning,During,Good,Strong Project Evidence,No,NEEDS OWNER CONFIRMATION,متوسط (مرحلة واحدة),صورة حقيقية من أعمال فايب كلين برو توضح worker cleaning or extracting dirt from residentia
Project,CAND-20260614-VILLA-01,Candidate,vibe-clean-pro-post-construction-cleaning-bathroom-stage-001-2.webp,Wall Cleaning,During,Good,Useful Project Evidence,No,NEEDS OWNER CONFIRMATION,متوسط (مرحلة واحدة),"صورة حقيقية من أعمال فايب كلين برو توضح worker detail-cleaning wall panels, skirting or de"
Project,CAND-20260614-VILLA-01,Candidate,vibe-clean-pro-post-construction-cleaning-workers-site-001.webp,Kitchen Cleaning,During,Good,Strong Project Evidence,No,NEEDS OWNER CONFIRMATION,متوسط (مرحلة واحدة),صورة حقيقية من أعمال فايب كلين برو توضح worker performing detailed cleaning of kitchen cab
Project,CAND-20260614-VILLA-01,Candidate,vibe-clean-pro-post-construction-cleaning-kitchen-001.webp,Kitchen Cleaning,During,Good,Strong Project Evidence,No,NEEDS OWNER CONFIRMATION,متوسط (مرحلة واحدة),صورة حقيقية من أعمال فايب كلين برو توضح worker performing detailed cleaning of kitchen cab
Project,CAND-20260614-VILLA-01,Candidate,vibe-clean-pro-carpet-cleaning-stage-001.webp,Wall Cleaning,During,Good,Useful Project Evidence,No,NEEDS OWNER CONFIRMATION,متوسط (مرحلة واحدة),"صورة حقيقية من أعمال فايب كلين برو توضح worker detail-cleaning wall panels, skirting or de"
Project,CAND-20260614-VILLA-01,Candidate,vibe-clean-pro-deep-cleaning-worker-washing-wall-tiles-riyadh-001.webp,Wall Cleaning,During,Good,Useful Project Evidence,No,NEEDS OWNER CONFIRMATION,متوسط (مرحلة واحدة),"صورة حقيقية من أعمال فايب كلين برو توضح worker detail-cleaning wall panels, skirting or de"
Project,CAND-20260614-VILLA-01,Candidate,vibe-clean-pro-deep-cleaning-worker-floor-wall-riyadh.webp,Wall Cleaning,During,Good,Useful Project Evidence,No,NEEDS OWNER CONFIRMATION,متوسط (مرحلة واحدة),"صورة حقيقية من أعمال فايب كلين برو توضح worker detail-cleaning wall panels, skirting or de"
Project,CAND-20260614-VILLA-01,Candidate,vibe-clean-pro-post-construction-cleaning-kitchen-001-1.webp,Kitchen Cleaning,During,Good,Strong Project Evidence,No,NEEDS OWNER CONFIRMATION,متوسط (مرحلة واحدة),صورة حقيقية من أعمال فايب كلين برو توضح worker performing detailed cleaning of kitchen cab
Project,CAND-20260614-VILLA-01,Candidate,vibe-clean-pro-commercial-cleaning-corridor-stage-001-1.webp,Floor Cleaning,During,Good,Strong Project Evidence,No,NEEDS OWNER CONFIRMATION,متوسط (مرحلة واحدة),صورة حقيقية من أعمال فايب كلين برو توضح worker cleaning or extracting dirt from residentia
Project,CAND-20260614-VILLA-01,Candidate,vibe-clean-pro-post-construction-cleaning-office-during-001.webp,Furniture Cleaning,During,Good,Useful Project Evidence,No,NEEDS OWNER CONFIRMATION,متوسط (مرحلة واحدة),"صورة حقيقية من أعمال فايب كلين برو توضح worker detail-cleaning built-in furniture, cabinet"
Project,CAND-20260730-FACADE-B,Candidate,vibe-clean-pro-facade-cleaning-commercial-building-001-8.webp,Facade Cleaning,During,Good,Strong Project Evidence,No,NEEDS OWNER CONFIRMATION,متوسط (مرحلة واحدة),صورة حقيقية من أعمال فايب كلين برو أثناء تنظيف الواجهات
Project,CAND-20260730-FACADE-B,Candidate,facade-cleaning-high-rise-building-riyadh-during.webp,Facade Cleaning,During,Good,Strong Project Evidence,No,NEEDS OWNER CONFIRMATION,متوسط (مرحلة واحدة),صورة حقيقية من أعمال فايب كلين برو أثناء تنظيف الواجهات
Project,CAND-20260730-FACADE-B,Candidate,vibe-clean-pro-facade-cleaning-building-stage-during-001.webp,Facade Cleaning,During,Good,Strong Project Evidence,No,NEEDS OWNER CONFIRMATION,متوسط (مرحلة واحدة),صورة حقيقية من أعمال فايب كلين برو أثناء تنظيف الواجهات
Project,CAND-20260730-FACADE-B,Candidate,vibe-clean-pro-facade-cleaning-rope-access-riyadh-001-1.webp,Facade Cleaning,During,Good,Strong Project Evidence,No,NEEDS OWNER CONFIRMATION,متوسط (مرحلة واحدة),صورة حقيقية من أعمال فايب كلين برو أثناء تنظيف الواجهات
Project,CAND-20260730-FACADE-B,Candidate,vibe-clean-pro-facade-cleaning-service-riyadh-stage-during.webp,Facade Cleaning,During,Weak,Strong Project Evidence,No,NEEDS OWNER CONFIRMATION,متوسط (مرحلة واحدة),صورة حقيقية من أعمال فايب كلين برو أثناء تنظيف الواجهات
Project,CAND-20260730-FACADE-B,Candidate,vibe-clean-pro-facade-cleaning-service-stage-001-13.webp,Facade Cleaning,During,Excellent,Strong Project Evidence,No,NEEDS OWNER CONFIRMATION,متوسط (مرحلة واحدة),صورة حقيقية من أعمال فايب كلين برو أثناء تنظيف الواجهات
Project,CAND-20260730-FACADE-B,Candidate,vibe-clean-pro-facade-cleaning-service-riyadh-001-4.webp,Facade Cleaning,During,Excellent,Strong Project Evidence,No,NEEDS OWNER CONFIRMATION,متوسط (مرحلة واحدة),صورة حقيقية من أعمال فايب كلين برو أثناء تنظيف الواجهات
Project,CAND-20260730-FACADE-B,Candidate,vibe-clean-pro-facade-glass-cleaning-commercial-building-001.webp,Facade Cleaning,During,Good,Strong Project Evidence,No,NEEDS OWNER CONFIRMATION,متوسط (مرحلة واحدة),صورة حقيقية من أعمال فايب كلين برو أثناء تنظيف الواجهات
Project,CAND-20260730-FACADE-B,Candidate,vibe-clean-pro-facade-cleaning-service-riyadh-001-5.webp,Facade Cleaning,During,Good,Strong Project Evidence,No,NEEDS OWNER CONFIRMATION,متوسط (مرحلة واحدة),صورة حقيقية من أعمال فايب كلين برو أثناء تنظيف الواجهات
Project,CAND-20260730-FACADE-B,Candidate,vibe-clean-pro-facade-glass-cleaning-riyadh-001-8.webp,Facade Cleaning,During,Excellent,Strong Project Evidence,No,NEEDS OWNER CONFIRMATION,متوسط (مرحلة واحدة),صورة حقيقية من أعمال فايب كلين برو أثناء تنظيف الواجهات
Project,CAND-20260730-FACADE-B,Candidate,vibe-clean-pro-facade-cleaning-rope-access-001-2.webp,Facade Cleaning,During,Good,Strong Project Evidence,No,NEEDS OWNER CONFIRMATION,متوسط (مرحلة واحدة),صورة حقيقية من أعمال فايب كلين برو أثناء تنظيف الواجهات
Project,CAND-20260730-FACADE-B,Candidate,vibe-clean-pro-commercial-glass-facade-cleaning-riyadh-001.webp,Facade Cleaning,During,Good,Strong Project Evidence,No,NEEDS OWNER CONFIRMATION,متوسط (مرحلة واحدة),صورة حقيقية من أعمال فايب كلين برو أثناء تنظيف الواجهات
Project,CAND-20260730-FACADE-B,Candidate,vibe-clean-pro-facade-cleaning-commercial-building-001-9.webp,Facade Cleaning,During,Good,Strong Project Evidence,No,NEEDS OWNER CONFIRMATION,متوسط (مرحلة واحدة),صورة حقيقية من أعمال فايب كلين برو أثناء تنظيف الواجهات
Project,CAND-20260730-FACADE-B,Candidate,vibe-clean-pro-facade-glass-cleaning-service-riyadh-001-1.webp,Facade Cleaning,During,Good,Strong Project Evidence,No,NEEDS OWNER CONFIRMATION,متوسط (مرحلة واحدة),صورة حقيقية من أعمال فايب كلين برو أثناء تنظيف الواجهات
Project,CAND-20260730-FACADE-B,Candidate,vibe-clean-pro-facade-cleaning-rope-access-building-001.webp,Facade Cleaning,During,Good,Strong Project Evidence,No,NEEDS OWNER CONFIRMATION,متوسط (مرحلة واحدة),صورة حقيقية من أعمال فايب كلين برو أثناء تنظيف الواجهات
Project,CAND-20260730-FACADE-B,Candidate,vibe-clean-pro-facade-glass-cleaning-riyadh-001-9.webp,Facade Cleaning,During,Good,Strong Project Evidence,No,NEEDS OWNER CONFIRMATION,متوسط (مرحلة واحدة),صورة حقيقية من أعمال فايب كلين برو أثناء تنظيف الواجهات
Project,CAND-20260730-FACADE-B,Candidate,vibe-clean-pro-facade-cleaning-service-riyadh-001-6.webp,Facade Cleaning,During,Good,Strong Project Evidence,No,NEEDS OWNER CONFIRMATION,متوسط (مرحلة واحدة),صورة حقيقية من أعمال فايب كلين برو أثناء تنظيف الواجهات
Project,CAND-20260730-FACADE-B,Candidate,vibe-clean-pro-facade-glass-cleaning-riyadh-stage-001.webp,Facade Cleaning,During,Good,Strong Project Evidence,No,NEEDS OWNER CONFIRMATION,متوسط (مرحلة واحدة),صورة حقيقية من أعمال فايب كلين برو أثناء تنظيف الواجهات
Project,CAND-20260730-FACADE-B,Candidate,vibe-clean-pro-facade-cleaning-rope-access-001-3.webp,Facade Cleaning,During,Good,Strong Project Evidence,No,NEEDS OWNER CONFIRMATION,متوسط (مرحلة واحدة),صورة حقيقية من أعمال فايب كلين برو أثناء تنظيف الواجهات
Project,CAND-20260730-FACADE-B,Candidate,vibe-clean-pro-facade-cleaning-building-stage-001-3.webp,Facade Cleaning,During,Good,Strong Project Evidence,No,NEEDS OWNER CONFIRMATION,متوسط (مرحلة واحدة),صورة حقيقية من أعمال فايب كلين برو أثناء تنظيف الواجهات
Project,CAND-20260730-FACADE-B,Candidate,vibe-clean-pro-facade-cleaning-rope-access-worker-001.webp,Facade Cleaning,During,Good,Strong Project Evidence,No,NEEDS OWNER CONFIRMATION,متوسط (مرحلة واحدة),صورة حقيقية من أعمال فايب كلين برو أثناء تنظيف الواجهات
Project,CAND-20260730-FACADE-B,Candidate,vibe-clean-pro-facade-cleaning-rope-access-001-4.webp,Facade Cleaning,During,Good,Strong Project Evidence,No,NEEDS OWNER CONFIRMATION,متوسط (مرحلة واحدة),صورة حقيقية من أعمال فايب كلين برو أثناء تنظيف الواجهات
Project,CAND-20260730-FACADE-B,Candidate,vibe-clean-pro-facade-cleaning-service-riyadh-001-7.webp,Facade Cleaning,During,Good,Strong Project Evidence,No,NEEDS OWNER CONFIRMATION,متوسط (مرحلة واحدة),صورة حقيقية من أعمال فايب كلين برو أثناء تنظيف الواجهات
Project,CAND-20260730-FACADE-B,Candidate,vibe-clean-pro-facade-cleaning-stage-before-001.webp,Facade Cleaning,During,Excellent,Strong Project Evidence,No,NEEDS OWNER CONFIRMATION,متوسط (مرحلة واحدة),صورة حقيقية من أعمال فايب كلين برو أثناء تنظيف الواجهات
Project,CAND-20260730-FACADE-B,Candidate,VID-20260730-WA0011.mp4,Facade Cleaning,During,Yes,Strong Project Evidence,Yes,NEEDS OWNER CONFIRMATION,متوسط (مرحلة واحدة),فيديو حقيقي من أعمال فايب كلين برو يوضح تنظيف الواجهات
Project,CAND-20260730-FACADE-B,Candidate,VID-20260730-WA0012.mp4,Facade Cleaning,During,Yes,Strong Project Evidence,Yes,NEEDS OWNER CONFIRMATION,متوسط (مرحلة واحدة),فيديو حقيقي من أعمال فايب كلين برو يوضح تنظيف الواجهات
Project,CAND-20260729-FACADE-A,Candidate,vibe-clean-pro-facade-cleaning-rope-access-001.webp,Facade Cleaning,During,Good,Strong Project Evidence,No,NEEDS OWNER CONFIRMATION,متوسط (مرحلة واحدة),صورة حقيقية من أعمال فايب كلين برو أثناء تنظيف الواجهات
Project,CAND-20260729-FACADE-A,Candidate,vibe-clean-pro-facade-cleaning-riyadh-001-1.webp,Facade Cleaning,During,Good,Strong Project Evidence,No,NEEDS OWNER CONFIRMATION,متوسط (مرحلة واحدة),صورة حقيقية من أعمال فايب كلين برو أثناء تنظيف الواجهات
Project,CAND-20260729-FACADE-A,Candidate,vibe-clean-pro-facade-cleaning-building-stage-001-2.webp,Facade Cleaning,During,Good,Strong Project Evidence,No,NEEDS OWNER CONFIRMATION,متوسط (مرحلة واحدة),صورة حقيقية من أعمال فايب كلين برو أثناء تنظيف الواجهات
Project,CAND-20260729-FACADE-A,Candidate,vibe-clean-pro-facade-glass-cleaning-riyadh-001-4.webp,Facade Cleaning,During,Good,Strong Project Evidence,No,NEEDS OWNER CONFIRMATION,متوسط (مرحلة واحدة),صورة حقيقية من أعمال فايب كلين برو أثناء تنظيف الواجهات
Project,CAND-20260729-FACADE-A,Candidate,vibe-clean-pro-facade-glass-cleaning-riyadh-001-5.webp,Facade Cleaning,During,Good,Strong Project Evidence,No,NEEDS OWNER CONFIRMATION,متوسط (مرحلة واحدة),صورة حقيقية من أعمال فايب كلين برو أثناء تنظيف الواجهات
Project,CAND-20260729-FACADE-A,Candidate,vibe-clean-pro-facade-cleaning-outdoor-pool-area-riyadh-001.webp,Facade Cleaning,During,Good,Strong Project Evidence,No,NEEDS OWNER CONFIRMATION,متوسط (مرحلة واحدة),صورة حقيقية من أعمال فايب كلين برو أثناء تنظيف الواجهات
Project,CAND-20260729-FACADE-A,Candidate,vibe-clean-pro-facade-cleaning-riyadh-001-2.webp,Facade Cleaning,During,Good,Strong Project Evidence,No,NEEDS OWNER CONFIRMATION,متوسط (مرحلة واحدة),صورة حقيقية من أعمال فايب كلين برو أثناء تنظيف الواجهات
Project,CAND-20260729-FACADE-A,Candidate,vibe-clean-pro-facade-cleaning-riyadh-building-001.webp,Facade Cleaning,During,Good,Strong Project Evidence,No,NEEDS OWNER CONFIRMATION,متوسط (مرحلة واحدة),صورة حقيقية من أعمال فايب كلين برو أثناء تنظيف الواجهات
Project,CAND-20260729-FACADE-A,Candidate,vibe-clean-pro-facade-cleaning-rope-access-riyadh-001.webp,Facade Cleaning,During,Good,Strong Project Evidence,No,NEEDS OWNER CONFIRMATION,متوسط (مرحلة واحدة),صورة حقيقية من أعمال فايب كلين برو أثناء تنظيف الواجهات
Project,CAND-20260729-FACADE-A,Candidate,vibe-clean-pro-facade-glass-cleaning-riyadh-001-6.webp,Facade Cleaning,During,Good,Strong Project Evidence,No,NEEDS OWNER CONFIRMATION,متوسط (مرحلة واحدة),صورة حقيقية من أعمال فايب كلين برو أثناء تنظيف الواجهات
Project,CAND-20260729-FACADE-A,Candidate,vibe-clean-pro-facade-cleaning-rope-access-riyadh.webp,Facade Cleaning,During,Good,Strong Project Evidence,No,NEEDS OWNER CONFIRMATION,متوسط (مرحلة واحدة),صورة حقيقية من أعمال فايب كلين برو أثناء تنظيف الواجهات
Project,CAND-20260729-FACADE-A,Candidate,vibe-clean-pro-facade-cleaning-scaffolding-riyadh-001-1.webp,Facade Cleaning,During,Good,Strong Project Evidence,No,NEEDS OWNER CONFIRMATION,متوسط (مرحلة واحدة),صورة حقيقية من أعمال فايب كلين برو أثناء تنظيف الواجهات
Project,CAND-20260729-FACADE-A,Candidate,vibe-clean-pro-facade-glass-cleaning-scaffolding-riyadh-001.webp,Facade Cleaning,During,Good,Strong Project Evidence,No,NEEDS OWNER CONFIRMATION,متوسط (مرحلة واحدة),صورة حقيقية من أعمال فايب كلين برو أثناء تنظيف الواجهات
Project,CAND-20260729-FACADE-A,Candidate,vibe-clean-pro-facade-cleaning-rope-access-riyadh-1.webp,Facade Cleaning,During,Good,Strong Project Evidence,No,NEEDS OWNER CONFIRMATION,متوسط (مرحلة واحدة),صورة حقيقية من أعمال فايب كلين برو أثناء تنظيف الواجهات
Project,CAND-20260729-FACADE-A,Candidate,vibe-clean-pro-facade-cleaning-villa-stage-001-2.webp,Facade Cleaning,During,Good,Strong Project Evidence,No,NEEDS OWNER CONFIRMATION,متوسط (مرحلة واحدة),صورة حقيقية من أعمال فايب كلين برو أثناء تنظيف الواجهات
Project,CAND-20260729-FACADE-A,Candidate,vibe-clean-pro-facade-cleaning-service-riyadh-001-3.webp,Facade Cleaning,During,Good,Strong Project Evidence,No,NEEDS OWNER CONFIRMATION,متوسط (مرحلة واحدة),صورة حقيقية من أعمال فايب كلين برو أثناء تنظيف الواجهات
Project,CAND-20260729-FACADE-A,Candidate,vibe-clean-pro-facade-cleaning-service-stage-001-12.webp,Facade Cleaning,During,Good,Strong Project Evidence,No,NEEDS OWNER CONFIRMATION,متوسط (مرحلة واحدة),صورة حقيقية من أعمال فايب كلين برو أثناء تنظيف الواجهات
Project,CAND-20260729-FACADE-A,Candidate,vibe-clean-pro-facade-cleaning-rope-access-001-1.webp,Facade Cleaning,During,Good,Strong Project Evidence,No,NEEDS OWNER CONFIRMATION,متوسط (مرحلة واحدة),صورة حقيقية من أعمال فايب كلين برو أثناء تنظيف الواجهات
Project,CAND-20260729-FACADE-A,Candidate,vibe-clean-pro-facade-glass-cleaning-riyadh.webp,Facade Cleaning,During,Good,Strong Project Evidence,No,NEEDS OWNER CONFIRMATION,متوسط (مرحلة واحدة),صورة حقيقية من أعمال فايب كلين برو أثناء تنظيف الواجهات
Project,CAND-20260729-FACADE-A,Candidate,vibe-clean-pro-facade-cleaning-villa-stage-001-3.webp,Facade Cleaning,During,Good,Strong Project Evidence,No,NEEDS OWNER CONFIRMATION,متوسط (مرحلة واحدة),صورة حقيقية من أعمال فايب كلين برو أثناء تنظيف الواجهات
Project,CAND-20260729-FACADE-A,Candidate,vibe-clean-pro-facade-cleaning-villa-stage-during-001.webp,Facade Cleaning,During,Good,Strong Project Evidence,No,NEEDS OWNER CONFIRMATION,متوسط (مرحلة واحدة),صورة حقيقية من أعمال فايب كلين برو أثناء تنظيف الواجهات
Project,CAND-20260729-FACADE-A,Candidate,vibe-clean-pro-facade-glass-cleaning-riyadh-1.webp,Facade Cleaning,During,Good,Strong Project Evidence,No,NEEDS OWNER CONFIRMATION,متوسط (مرحلة واحدة),صورة حقيقية من أعمال فايب كلين برو أثناء تنظيف الواجهات
Project,CAND-20260729-FACADE-A,Candidate,vibe-clean-pro-facade-glass-cleaning-riyadh-001-7.webp,Facade Cleaning,During,Good,Strong Project Evidence,No,NEEDS OWNER CONFIRMATION,متوسط (مرحلة واحدة),صورة حقيقية من أعمال فايب كلين برو أثناء تنظيف الواجهات
Project,CAND-20260729-FACADE-A,Candidate,vibe-clean-pro-facade-cleaning-commercial-building-001-7.webp,Facade Cleaning,During,Good,Strong Project Evidence,No,NEEDS OWNER CONFIRMATION,متوسط (مرحلة واحدة),صورة حقيقية من أعمال فايب كلين برو أثناء تنظيف الواجهات
Project,CAND-20260729-FACADE-A,Candidate,VID-20260729-WA0035.mp4,Facade Cleaning,During,Yes,Strong Project Evidence,Yes,NEEDS OWNER CONFIRMATION,متوسط (مرحلة واحدة),فيديو حقيقي من أعمال فايب كلين برو يوضح تنظيف الواجهات
Project,CAND-20260614-VILLA-A,Candidate,vibe-clean-pro-glass-cleaning-service-riyadh-stage-001.webp,Glass Cleaning,During,Good,Strong Project Evidence,Yes,NEEDS OWNER CONFIRMATION,متوسط (مرحلة واحدة),صورة حقيقية من أعمال فايب كلين برو أثناء تنظيف الزجاج
Project,CAND-20260614-VILLA-A,Candidate,vibe-clean-pro-office-cleaning-worker-window-001-1.webp,Glass Cleaning,During,Good,Strong Project Evidence,Yes,NEEDS OWNER CONFIRMATION,متوسط (مرحلة واحدة),صورة حقيقية من أعمال فايب كلين برو أثناء تنظيف الزجاج
Project,CAND-20260614-VILLA-A,Candidate,vibe-clean-pro-glass-cleaning-rooftop-railing-001.webp,High-Level Interior Cleaning,During,Good,Strong Project Evidence,Yes,NEEDS OWNER CONFIRMATION,متوسط (مرحلة واحدة),صورة حقيقية من أعمال فايب كلين برو أثناء تنظيف الأجزاء الداخلية المرتفعة
Project,CAND-20260614-VILLA-A,Candidate,vibe-clean-pro-deep-cleaning-worker-majlis-001.webp,Villa Cleaning,During,Weak,Strong Project Evidence,Yes,NEEDS OWNER CONFIRMATION,متوسط (مرحلة واحدة),صورة حقيقية من أعمال فايب كلين برو أثناء تنظيف فيلا
Project,CAND-20260614-VILLA-A,Candidate,vibe-clean-pro-marble-cleaning-bathroom-stage-001.webp,Villa Cleaning,During,Weak,Strong Project Evidence,No,NEEDS OWNER CONFIRMATION,متوسط (مرحلة واحدة),صورة حقيقية من أعمال فايب كلين برو أثناء تنظيف فيلا
Project,CAND-20260614-VILLA-A,Candidate,vibe-clean-pro-deep-cleaning-worker-on-ladder-riyadh.webp,Villa Cleaning,During,Good,Strong Project Evidence,No,NEEDS OWNER CONFIRMATION,متوسط (مرحلة واحدة),صورة حقيقية من أعمال فايب كلين برو أثناء تنظيف فيلا
Project,CAND-20260614-VILLA-A,Candidate,vibe-clean-pro-deep-cleaning-worker-interior-001.webp,Villa Cleaning,During,Good,Strong Project Evidence,No,NEEDS OWNER CONFIRMATION,متوسط (مرحلة واحدة),صورة حقيقية من أعمال فايب كلين برو أثناء تنظيف فيلا
Project,CAND-20260614-VILLA-A,Candidate,vibe-clean-pro-post-construction-cleaning-stage-001-3.webp,Villa Cleaning,During,Good,Strong Project Evidence,No,NEEDS OWNER CONFIRMATION,متوسط (مرحلة واحدة),صورة حقيقية من أعمال فايب كلين برو أثناء تنظيف فيلا
Project,CAND-20260614-VILLA-A,Candidate,vibe-clean-pro-floor-cleaning-service-stage-during.webp,Floor Cleaning,After,Good,Useful Project Evidence,No,NEEDS OWNER CONFIRMATION,متوسط (مرحلة واحدة),صورة حقيقية من أعمال فايب كلين برو توضح تنظيف الأرضيات
Project,CAND-20260614-VILLA-A,Candidate,vibe-clean-pro-outdoor-floor-cleaning-stage-001.webp,Exterior Surface Cleaning,During,Weak,Strong Project Evidence,No,NEEDS OWNER CONFIRMATION,متوسط (مرحلة واحدة),صورة حقيقية من أعمال فايب كلين برو أثناء تنظيف الأسطح الخارجية
Project,CAND-20260614-VILLA-A,Candidate,vibe-clean-pro-facade-cleaning-stage-001-1.webp,Exterior Surface Cleaning,During,Weak,Strong Project Evidence,No,NEEDS OWNER CONFIRMATION,متوسط (مرحلة واحدة),صورة حقيقية من أعمال فايب كلين برو أثناء تنظيف الأسطح الخارجية
Project,CAND-20260614-VILLA-A,Candidate,vibe-clean-pro-facade-cleaning-outdoor-villa-001.webp,Exterior Surface Cleaning,During,Weak,Strong Project Evidence,No,NEEDS OWNER CONFIRMATION,متوسط (مرحلة واحدة),صورة حقيقية من أعمال فايب كلين برو أثناء تنظيف الأسطح الخارجية
Project,CAND-20260614-VILLA-A,Candidate,vibe-clean-pro-facade-cleaning-villa-001.webp,Exterior Surface Cleaning,During,Weak,Strong Project Evidence,No,NEEDS OWNER CONFIRMATION,متوسط (مرحلة واحدة),صورة حقيقية من أعمال فايب كلين برو أثناء تنظيف الأسطح الخارجية
Project,CAND-20260614-VILLA-A,Candidate,vibe-clean-pro-outdoor-area-cleaning-stage-001-1.webp,Exterior Surface Cleaning,During,Weak,Strong Project Evidence,No,NEEDS OWNER CONFIRMATION,متوسط (مرحلة واحدة),صورة حقيقية من أعمال فايب كلين برو أثناء تنظيف الأسطح الخارجية
Project,CAND-20260614-VILLA-A,Candidate,vibe-clean-pro-outdoor-floor-cleaning-stage-during-001.webp,Exterior Surface Cleaning,During,Weak,Strong Project Evidence,No,NEEDS OWNER CONFIRMATION,متوسط (مرحلة واحدة),صورة حقيقية من أعمال فايب كلين برو أثناء تنظيف الأسطح الخارجية
Project,CAND-20260614-VILLA-A,Candidate,vibe-clean-pro-shop-cleaning-stage-during.webp,Exterior Surface Cleaning,During,Weak,Strong Project Evidence,No,NEEDS OWNER CONFIRMATION,متوسط (مرحلة واحدة),صورة حقيقية من أعمال فايب كلين برو أثناء تنظيف الأسطح الخارجية
Project,CAND-20260614-VILLA-A,Candidate,vibe-clean-pro-interior-wood-slats-detail-001.webp,Exterior Surface Cleaning,During,Weak,Strong Project Evidence,No,NEEDS OWNER CONFIRMATION,متوسط (مرحلة واحدة),صورة حقيقية من أعمال فايب كلين برو أثناء تنظيف الأسطح الخارجية
Project,CAND-20260614-VILLA-A,Candidate,vibe-clean-pro-facade-glass-cleaning-villa-001.webp,Exterior Surface Cleaning,During,Weak,Strong Project Evidence,No,NEEDS OWNER CONFIRMATION,متوسط (مرحلة واحدة),صورة حقيقية من أعمال فايب كلين برو أثناء تنظيف الأسطح الخارجية
Project,CAND-20260614-VILLA-A,Candidate,vibe-clean-pro-outdoor-cleaning-villa-stage-001.webp,Exterior Surface Cleaning,During,Weak,Strong Project Evidence,No,NEEDS OWNER CONFIRMATION,متوسط (مرحلة واحدة),صورة حقيقية من أعمال فايب كلين برو أثناء تنظيف الأسطح الخارجية
Project,CAND-20260801-VILLA-C,Candidate,vibe-clean-pro-commercial-cleaning-outdoor-stage-001.webp,Exterior Surface Cleaning,During,Weak,Strong Project Evidence,Yes,NEEDS OWNER CONFIRMATION,متوسط (مرحلة واحدة),صورة حقيقية من أعمال فايب كلين برو أثناء تنظيف الأسطح الخارجية
Project,CAND-20260801-VILLA-C,Candidate,vibe-clean-pro-glass-cleaning-service-riyadh-stage-001-1.webp,Exterior Surface Cleaning,During,Weak,Strong Project Evidence,Yes,NEEDS OWNER CONFIRMATION,متوسط (مرحلة واحدة),صورة حقيقية من أعمال فايب كلين برو أثناء تنظيف الأسطح الخارجية
Project,CAND-20260801-VILLA-C,Candidate,vibe-clean-pro-floor-cleaning-service-stage-001-2.webp,Exterior Surface Cleaning,During,Weak,Strong Project Evidence,Yes,NEEDS OWNER CONFIRMATION,متوسط (مرحلة واحدة),صورة حقيقية من أعمال فايب كلين برو أثناء تنظيف الأسطح الخارجية
Project,CAND-20260801-VILLA-C,Candidate,vibe-clean-pro-commercial-staircase-post-construction-cleaning-001.webp,Exterior Surface Cleaning,During,Weak,Strong Project Evidence,Yes,NEEDS OWNER CONFIRMATION,متوسط (مرحلة واحدة),صورة حقيقية من أعمال فايب كلين برو أثناء تنظيف الأسطح الخارجية
Project,CAND-20260801-VILLA-C,Candidate,vibe-clean-pro-facade-cleaning-before-001.webp,Exterior Surface Cleaning,During,Weak,Strong Project Evidence,No,NEEDS OWNER CONFIRMATION,متوسط (مرحلة واحدة),صورة حقيقية من أعمال فايب كلين برو أثناء تنظيف الأسطح الخارجية
Project,CAND-20260801-VILLA-C,Candidate,vibe-clean-pro-post-construction-cleaning-outdoor-stage-001-1.webp,Exterior Surface Cleaning,During,Weak,Strong Project Evidence,Yes,NEEDS OWNER CONFIRMATION,متوسط (مرحلة واحدة),صورة حقيقية من أعمال فايب كلين برو أثناء تنظيف الأسطح الخارجية
Project,CAND-20260801-VILLA-C,Candidate,vibe-clean-pro-home-cleaning-dresser-wipe-001.webp,Exterior Surface Cleaning,During,Weak,Strong Project Evidence,Yes,NEEDS OWNER CONFIRMATION,متوسط (مرحلة واحدة),صورة حقيقية من أعمال فايب كلين برو أثناء تنظيف الأسطح الخارجية
Project,CAND-20260801-VILLA-C,Candidate,vibe-clean-pro-swimming-pool-cleaning-stage-during-riyadh.webp,Exterior Surface Cleaning,During,Weak,Strong Project Evidence,Yes,NEEDS OWNER CONFIRMATION,متوسط (مرحلة واحدة),صورة حقيقية من أعمال فايب كلين برو أثناء تنظيف الأسطح الخارجية
Project,CAND-20260801-VILLA-C,Candidate,vibe-clean-pro-post-construction-staircase-cleaning-riyadh.webp,Exterior Surface Cleaning,During,Weak,Strong Project Evidence,Yes,NEEDS OWNER CONFIRMATION,متوسط (مرحلة واحدة),صورة حقيقية من أعمال فايب كلين برو أثناء تنظيف الأسطح الخارجية
Project,CAND-20260801-VILLA-C,Candidate,vibe-clean-pro-outdoor-cleaning-worker-sweeping-leaves-riyadh-001.webp,Exterior Surface Cleaning,During,Weak,Strong Project Evidence,Yes,NEEDS OWNER CONFIRMATION,متوسط (مرحلة واحدة),صورة حقيقية من أعمال فايب كلين برو أثناء تنظيف الأسطح الخارجية
Project,CAND-20260801-VILLA-C,Candidate,vibe-clean-pro-outdoor-floor-cleaning-riyadh-stage-001.webp,Exterior Surface Cleaning,During,Weak,Strong Project Evidence,Yes,NEEDS OWNER CONFIRMATION,متوسط (مرحلة واحدة),صورة حقيقية من أعمال فايب كلين برو أثناء تنظيف الأسطح الخارجية
Project,CAND-20260801-VILLA-C,Candidate,vibe-clean-pro-floor-cleaning-villa-outdoor-001.webp,Exterior Surface Cleaning,During,Weak,Strong Project Evidence,Yes,NEEDS OWNER CONFIRMATION,متوسط (مرحلة واحدة),صورة حقيقية من أعمال فايب كلين برو أثناء تنظيف الأسطح الخارجية
Project,CAND-20260801-VILLA-C,Candidate,vibe-clean-pro-swimming-pool-cleaning-stage-during-riyadh-1.webp,Exterior Surface Cleaning,During,Weak,Strong Project Evidence,Yes,NEEDS OWNER CONFIRMATION,متوسط (مرحلة واحدة),صورة حقيقية من أعمال فايب كلين برو أثناء تنظيف الأسطح الخارجية
Project,CAND-20260801-VILLA-C,Candidate,vibe-clean-pro-swimming-pool-cleaning-stage-during-001.webp,Exterior Surface Cleaning,During,Weak,Strong Project Evidence,No,NEEDS OWNER CONFIRMATION,متوسط (مرحلة واحدة),صورة حقيقية من أعمال فايب كلين برو أثناء تنظيف الأسطح الخارجية
Project,CAND-20260801-VILLA-C,Candidate,vibe-clean-pro-staircase-cleaning-service-riyadh-001.webp,Exterior Surface Cleaning,During,Weak,Strong Project Evidence,Yes,NEEDS OWNER CONFIRMATION,متوسط (مرحلة واحدة),صورة حقيقية من أعمال فايب كلين برو أثناء تنظيف الأسطح الخارجية
Project,CAND-20260801-VILLA-C,Candidate,vibe-clean-pro-swimming-pool-cleaning-during-001-1.webp,Exterior Surface Cleaning,During,Weak,Strong Project Evidence,No,NEEDS OWNER CONFIRMATION,متوسط (مرحلة واحدة),صورة حقيقية من أعمال فايب كلين برو أثناء تنظيف الأسطح الخارجية
Project,CAND-20260801-VILLA-C,Candidate,vibe-clean-pro-post-construction-cleaning-glass-facade-riyadh-001.webp,Exterior Surface Cleaning,During,Weak,Strong Project Evidence,Yes,NEEDS OWNER CONFIRMATION,متوسط (مرحلة واحدة),صورة حقيقية من أعمال فايب كلين برو أثناء تنظيف الأسطح الخارجية
Project,CAND-20260801-VILLA-C,Candidate,vibe-clean-pro-glass-cleaning-service-stage-during-001.webp,Exterior Surface Cleaning,During,Weak,Strong Project Evidence,Yes,NEEDS OWNER CONFIRMATION,متوسط (مرحلة واحدة),صورة حقيقية من أعمال فايب كلين برو أثناء تنظيف الأسطح الخارجية
Project,PRJ-CAND-20260507-01,Candidate,vibe-clean-pro-commercial-store-cleaning-stage-001.webp,Post-Construction Cleaning,General,Good,Useful Project Evidence,No,NEEDS OWNER CONFIRMATION,متوسط (مرحلة واحدة),صورة حقيقية من أعمال فايب كلين برو توضح تنظيف ما بعد البناء والتشطيب
Project,PRJ-CAND-20260507-01,Candidate,vibe-clean-pro-deep-cleaning-villa-interior-door-001.webp,Post-Construction Cleaning,General,Good,Useful Project Evidence,No,NEEDS OWNER CONFIRMATION,متوسط (مرحلة واحدة),صورة حقيقية من أعمال فايب كلين برو توضح تنظيف ما بعد البناء والتشطيب
Project,PRJ-CAND-20260507-01,Candidate,vibe-clean-pro-floor-cleaning-stage-after-001.webp,Floor Cleaning,General,Weak,Useful Project Evidence,No,NEEDS OWNER CONFIRMATION,متوسط (مرحلة واحدة),صورة حقيقية من أعمال فايب كلين برو توضح تنظيف الأرضيات
Project,PRJ-CAND-20260507-01,Candidate,vibe-clean-pro-glass-cleaning-commercial-stage-001.webp,Glass Cleaning,During,Good,Strong Project Evidence,No,NEEDS OWNER CONFIRMATION,متوسط (مرحلة واحدة),عامل من فايب كلين برو أثناء تنظيف الزجاج ضمن مشروع حقيقي
Project,PRJ-CAND-20260507-01,Candidate,vibe-clean-pro-floor-cleaning-corridor-after-001.webp,Post-Construction Cleaning,General,Weak,Useful Project Evidence,No,NEEDS OWNER CONFIRMATION,متوسط (مرحلة واحدة),صورة حقيقية من أعمال فايب كلين برو توضح تنظيف ما بعد البناء والتشطيب
Project,PRJ-CAND-20260507-01,Candidate,vibe-clean-pro-post-construction-cleaning-stage-001-5.webp,Glass Cleaning,During,Good,Strong Project Evidence,No,NEEDS OWNER CONFIRMATION,متوسط (مرحلة واحدة),عامل من فايب كلين برو أثناء تنظيف الزجاج ضمن مشروع حقيقي
Project,PRJ-CAND-20260507-01,Candidate,vibe-clean-pro-office-glass-cleaning-stage-during-001.webp,Post-Construction Cleaning,During,Good,Strong Project Evidence,No,NEEDS OWNER CONFIRMATION,متوسط (مرحلة واحدة),عامل من فايب كلين برو أثناء تنظيف ما بعد البناء والتشطيب ضمن مشروع حقيقي
Project,PRJ-CAND-20260507-01,Candidate,vibe-clean-pro-deep-cleaning-kitchen-drawer-riyadh.webp,Kitchen Cleaning,During,Good,Strong Project Evidence,No,NEEDS OWNER CONFIRMATION,متوسط (مرحلة واحدة),عامل من فايب كلين برو أثناء تنظيف المطابخ ضمن مشروع حقيقي
Project,PRJ-CAND-20260507-01,Candidate,vibe-clean-pro-post-construction-balcony-floor-001.webp,Post-Construction Cleaning,Before,Good,Useful Project Evidence,No,NEEDS OWNER CONFIRMATION,متوسط (مرحلة واحدة),حالة الموقع قبل تنظيف ما بعد البناء والتشطيب ضمن مشروع حقيقي لفايب كلين برو
Project,PRJ-CAND-20260507-01,Candidate,vibe-clean-pro-deep-cleaning-kitchen-stage-001.webp,Kitchen Cleaning,During,Good,Strong Project Evidence,No,NEEDS OWNER CONFIRMATION,متوسط (مرحلة واحدة),عامل من فايب كلين برو أثناء تنظيف المطابخ ضمن مشروع حقيقي
Project,PRJ-CAND-20260507-01,Candidate,vibe-clean-pro-post-construction-cleaning-living-room-001.webp,Post-Construction Cleaning,Before,Good,Useful Project Evidence,No,NEEDS OWNER CONFIRMATION,متوسط (مرحلة واحدة),حالة الموقع قبل تنظيف ما بعد البناء والتشطيب ضمن مشروع حقيقي لفايب كلين برو
Project,PRJ-CAND-20260507-01,Candidate,vibe-clean-pro-commercial-cleaning-post-construction-riyadh-001.webp,Post-Construction Cleaning,During,Excellent,Strong Project Evidence,No,NEEDS OWNER CONFIRMATION,متوسط (مرحلة واحدة),عامل من فايب كلين برو أثناء تنظيف ما بعد البناء والتشطيب ضمن مشروع حقيقي
Project,PRJ-CAND-20260507-01,Candidate,vibe-clean-pro-glass-cleaning-office-stage-001.webp,Glass Cleaning,During,Good,Strong Project Evidence,No,NEEDS OWNER CONFIRMATION,متوسط (مرحلة واحدة),عامل من فايب كلين برو أثناء تنظيف الزجاج ضمن مشروع حقيقي
Project,PRJ-CAND-20260507-01,Candidate,vibe-clean-pro-glass-cleaning-balcony-001.webp,Glass Cleaning,During,Good,Strong Project Evidence,No,NEEDS OWNER CONFIRMATION,متوسط (مرحلة واحدة),عامل من فايب كلين برو أثناء تنظيف الزجاج ضمن مشروع حقيقي
Project,PRJ-CAND-20260507-01,Candidate,vibe-clean-pro-outdoor-glass-cleaning-villa-001.webp,Exterior Surface Cleaning,General,Good,Useful Project Evidence,No,NEEDS OWNER CONFIRMATION,متوسط (مرحلة واحدة),صورة حقيقية من أعمال فايب كلين برو توضح تنظيف الأسطح والممرات الخارجية
Project,PRJ-CAND-20260507-01,Candidate,vibe-clean-pro-deep-cleaning-after-001.webp,Post-Construction Cleaning,General,Weak,Useful Project Evidence,No,NEEDS OWNER CONFIRMATION,متوسط (مرحلة واحدة),صورة حقيقية من أعمال فايب كلين برو توضح تنظيف ما بعد البناء والتشطيب
Project,CAND-20260507-MODERN-VILLA,Candidate,vibe-clean-pro-facade-cleaning-outdoor-area-riyadh.webp,Facade Cleaning,During,Good,Useful Project Evidence,No,NEEDS OWNER CONFIRMATION,متوسط (مرحلة واحدة),صورة حقيقية من أعمال فايب كلين برو توضح worker cleaning tall exterior slat wall at a moder
Project,CAND-20260507-MODERN-VILLA,Candidate,vibe-clean-pro-post-construction-cleaning-room-stage-001.webp,Post-Construction Cleaning,After,Excellent,Strong Project Evidence,No,NEEDS OWNER CONFIRMATION,متوسط (مرحلة واحدة),صورة حقيقية من أعمال فايب كلين برو توضح clean finished villa interior after detailed clean
Project,CAND-20260507-MODERN-VILLA,Candidate,vibe-clean-pro-villa-cleaning-after-001.webp,Post-Construction Cleaning,After,Excellent,Strong Project Evidence,No,NEEDS OWNER CONFIRMATION,متوسط (مرحلة واحدة),صورة حقيقية من أعمال فايب كلين برو توضح clean finished villa interior after detailed clean
Project,CAND-20260507-MODERN-VILLA,Candidate,vibe-clean-pro-outdoor-area-cleaning-stage-001.webp,Post-Construction Cleaning,After,Good,Useful Project Evidence,No,NEEDS OWNER CONFIRMATION,متوسط (مرحلة واحدة),صورة حقيقية من أعمال فايب كلين برو توضح cleaned exterior entry and architectural details a
Project,CAND-20260507-MODERN-VILLA,Candidate,vibe-clean-pro-post-construction-cleaning-villa-stage-after-001.webp,Post-Construction Cleaning,After,Excellent,Strong Project Evidence,No,NEEDS OWNER CONFIRMATION,متوسط (مرحلة واحدة),صورة حقيقية من أعمال فايب كلين برو توضح clean finished villa interior after detailed clean
Project,CAND-20260507-MODERN-VILLA,Candidate,vibe-clean-pro-deep-cleaning-after-stage-001.webp,Post-Construction Cleaning,After,Excellent,Strong Project Evidence,No,NEEDS OWNER CONFIRMATION,متوسط (مرحلة واحدة),صورة حقيقية من أعمال فايب كلين برو توضح clean finished villa interior after detailed clean
Project,CAND-20260507-MODERN-VILLA,Candidate,vibe-clean-pro-villa-cleaning-entrance-stage-001.webp,Post-Construction Cleaning,After,Good,Useful Project Evidence,No,NEEDS OWNER CONFIRMATION,متوسط (مرحلة واحدة),صورة حقيقية من أعمال فايب كلين برو توضح cleaned exterior entry and architectural details a
Project,CAND-20260507-MODERN-VILLA,Candidate,vibe-clean-pro-glass-cleaning-facade-worker-scaffolding-001.webp,High-Level Interior Cleaning,During,Good,Useful Project Evidence,No,NEEDS OWNER CONFIRMATION,متوسط (مرحلة واحدة),صورة حقيقية من أعمال فايب كلين برو توضح worker using access equipment for high-level detai
Project,CAND-20260507-MODERN-VILLA,Candidate,vibe-clean-pro-facade-cleaning-extender-pole-riyadh-001.webp,High-Level Interior Cleaning,During,Good,Useful Project Evidence,No,NEEDS OWNER CONFIRMATION,متوسط (مرحلة واحدة),صورة حقيقية من أعمال فايب كلين برو توضح worker using access equipment for high-level detai
Project,CAND-20260507-MODERN-VILLA,Candidate,vibe-clean-pro-facade-cleaning-riyadh-001.webp,Post-Construction Cleaning,After,Good,Useful Project Evidence,No,NEEDS OWNER CONFIRMATION,متوسط (مرحلة واحدة),صورة حقيقية من أعمال فايب كلين برو توضح cleaned exterior entry and architectural details a
Project,CAND-20260507-MODERN-VILLA,Candidate,vibe-clean-pro-villa-cleaning-after-floor-001.webp,Post-Construction Cleaning,After,Excellent,Strong Project Evidence,No,NEEDS OWNER CONFIRMATION,متوسط (مرحلة واحدة),صورة حقيقية من أعمال فايب كلين برو توضح clean finished villa interior after detailed clean
Project,CAND-20260507-MODERN-VILLA,Candidate,vibe-clean-pro-balcony-floor-cleaning-stage-001.webp,Bathroom Cleaning,After,Weak,Useful Project Evidence,No,NEEDS OWNER CONFIRMATION,متوسط (مرحلة واحدة),صورة حقيقية من أعمال فايب كلين برو توضح clean bathroom floor and drain area after detailed
Project,CAND-20260507-MODERN-VILLA,Candidate,vibe-clean-pro-post-construction-cleaning-marble-stage-001.webp,High-Level Interior Cleaning,During,Good,Useful Project Evidence,No,NEEDS OWNER CONFIRMATION,متوسط (مرحلة واحدة),صورة حقيقية من أعمال فايب كلين برو توضح worker using access equipment for high-level detai
Project,CAND-20260507-MODERN-VILLA,Candidate,vibe-clean-pro-glass-cleaning-villa-stage-001-4.webp,High-Level Interior Cleaning,During,Good,Useful Project Evidence,No,NEEDS OWNER CONFIRMATION,متوسط (مرحلة واحدة),صورة حقيقية من أعمال فايب كلين برو توضح worker using access equipment for high-level detai
Project,CAND-20260507-MODERN-VILLA,Candidate,vibe-clean-pro-facade-cleaning-outdoor-stage-001.webp,Post-Construction Cleaning,After,Good,Useful Project Evidence,No,NEEDS OWNER CONFIRMATION,متوسط (مرحلة واحدة),صورة حقيقية من أعمال فايب كلين برو توضح cleaned exterior entry and architectural details a
Project,CAND-20260507-MODERN-VILLA,Candidate,vibe-clean-pro-glass-cleaning-service-stage-during-001-1.webp,Glass Cleaning,During,Excellent,Strong Project Evidence,No,NEEDS OWNER CONFIRMATION,متوسط (مرحلة واحدة),صورة حقيقية من أعمال فايب كلين برو توضح two workers cleaning large interior windows using 
Project,CAND-20260909-OFFICE-A,Candidate,vibe-clean-pro-post-construction-cleaning-stage-001-4.webp,Office Cleaning,During,Weak,Strong Project Evidence,Yes,NEEDS OWNER CONFIRMATION,متوسط (مرحلة واحدة),صورة حقيقية من أعمال فايب كلين برو أثناء تنظيف المكاتب
Project,CAND-20260909-OFFICE-A,Candidate,vibe-clean-pro-marble-stair-cleaning-riyadh-001.webp,Office Cleaning,During,Weak,Strong Project Evidence,Yes,NEEDS OWNER CONFIRMATION,متوسط (مرحلة واحدة),صورة حقيقية من أعمال فايب كلين برو أثناء تنظيف المكاتب
Project,CAND-20260909-OFFICE-A,Candidate,vibe-clean-pro-glass-cleaning-staircase-riyadh.webp,Office Cleaning,During,Good,Strong Project Evidence,No,NEEDS OWNER CONFIRMATION,متوسط (مرحلة واحدة),صورة حقيقية من أعمال فايب كلين برو أثناء تنظيف المكاتب
Project,CAND-20260909-OFFICE-A,Candidate,vibe-clean-pro-office-floor-cleaning-riyadh.webp,Office Cleaning,During,Excellent,Strong Project Evidence,No,NEEDS OWNER CONFIRMATION,متوسط (مرحلة واحدة),صورة حقيقية من أعمال فايب كلين برو أثناء تنظيف المكاتب
Project,CAND-20260909-OFFICE-A,Candidate,vibe-clean-pro-office-cleaning-stage-001-1.webp,Office Cleaning,During,Good,Strong Project Evidence,No,NEEDS OWNER CONFIRMATION,متوسط (مرحلة واحدة),صورة حقيقية من أعمال فايب كلين برو أثناء تنظيف المكاتب
Project,CAND-20260909-OFFICE-A,Candidate,vibe-clean-pro-office-cleaning-desk-wiping-riyadh.webp,Office Cleaning,During,Good,Strong Project Evidence,Yes,NEEDS OWNER CONFIRMATION,متوسط (مرحلة واحدة),صورة حقيقية من أعمال فايب كلين برو أثناء تنظيف المكاتب
Project,CAND-20260909-OFFICE-A,Candidate,vibe-clean-pro-commercial-cleaning-office-corridor-stage-001.webp,Office Cleaning,During,Good,Strong Project Evidence,No,NEEDS OWNER CONFIRMATION,متوسط (مرحلة واحدة),صورة حقيقية من أعمال فايب كلين برو أثناء تنظيف المكاتب
Project,CAND-20260909-OFFICE-A,Candidate,vibe-clean-pro-office-cleaning-service-stage-001-1.webp,Office Cleaning,During,Good,Strong Project Evidence,Yes,NEEDS OWNER CONFIRMATION,متوسط (مرحلة واحدة),صورة حقيقية من أعمال فايب كلين برو أثناء تنظيف المكاتب
Project,CAND-20260909-OFFICE-A,Candidate,vibe-clean-pro-office-cleaning-stage-during-001-3.webp,Office Cleaning,During,Good,Strong Project Evidence,No,NEEDS OWNER CONFIRMATION,متوسط (مرحلة واحدة),صورة حقيقية من أعمال فايب كلين برو أثناء تنظيف المكاتب
Project,CAND-20260909-OFFICE-A,Candidate,vibe-clean-pro-commercial-post-construction-cleaning-riyadh-001-1.webp,Office Cleaning,During,Excellent,Strong Project Evidence,Yes,NEEDS OWNER CONFIRMATION,متوسط (مرحلة واحدة),صورة حقيقية من أعمال فايب كلين برو أثناء تنظيف المكاتب
Project,CAND-20260909-OFFICE-A,Candidate,vibe-clean-pro-glass-cleaning-service-riyadh-1.webp,Office Cleaning,During,Good,Strong Project Evidence,No,NEEDS OWNER CONFIRMATION,متوسط (مرحلة واحدة),صورة حقيقية من أعمال فايب كلين برو أثناء تنظيف المكاتب
Project,CAND-20260909-OFFICE-A,Candidate,vibe-clean-pro-general-cleaning-5.webp,Office Cleaning,During,Good,Strong Project Evidence,Yes,NEEDS OWNER CONFIRMATION,متوسط (مرحلة واحدة),صورة حقيقية من أعمال فايب كلين برو أثناء تنظيف المكاتب
Project,CAND-20260909-OFFICE-A,Candidate,vibe-clean-pro-office-cleaning-service-stage-during.webp,Office Cleaning,During,Excellent,Strong Project Evidence,Yes,NEEDS OWNER CONFIRMATION,متوسط (مرحلة واحدة),صورة حقيقية من أعمال فايب كلين برو أثناء تنظيف المكاتب
Project,CAND-20260909-OFFICE-A,Candidate,vibe-clean-pro-glass-cleaning-service-stage-001-5.webp,Office Cleaning,During,Good,Strong Project Evidence,Yes,NEEDS OWNER CONFIRMATION,متوسط (مرحلة واحدة),صورة حقيقية من أعمال فايب كلين برو أثناء تنظيف المكاتب
Project,CAND-20260909-OFFICE-A,Candidate,vibe-clean-pro-commercial-glass-cleaning-riyadh-001-1.webp,Office Cleaning,During,Good,Strong Project Evidence,Yes,NEEDS OWNER CONFIRMATION,متوسط (مرحلة واحدة),صورة حقيقية من أعمال فايب كلين برو أثناء تنظيف المكاتب
Project,PRJ-CAND-20260305-01,Candidate,vibe-clean-pro-sofa-cleaning-during-001.webp,Sofa Cleaning,General,Weak,Useful Project Evidence,No,NEEDS OWNER CONFIRMATION,متوسط (مرحلة واحدة),صورة حقيقية من أعمال فايب كلين برو توضح تنظيف الكنب
Project,PRJ-CAND-20260305-01,Candidate,vibe-clean-pro-upholstery-cleaning-living-room-001.webp,Sofa Cleaning,During,Good,Strong Project Evidence,No,NEEDS OWNER CONFIRMATION,متوسط (مرحلة واحدة),عامل من فايب كلين برو أثناء تنظيف الكنب ضمن مشروع حقيقي
Project,PRJ-CAND-20260305-01,Candidate,vibe-clean-pro-majlis-cleaning-cushions-arranged-riyadh-001.webp,Upholstery Cleaning,During,Good,Useful Project Evidence,No,NEEDS OWNER CONFIRMATION,متوسط (مرحلة واحدة),صورة حقيقية من أعمال فايب كلين برو توضح تنظيف المفروشات
Project,PRJ-CAND-20260305-01,Candidate,vibe-clean-pro-outdoor-drain-cleaning-stage-001.webp,Exterior Surface Cleaning,During,Weak,Useful Project Evidence,No,NEEDS OWNER CONFIRMATION,متوسط (مرحلة واحدة),عامل من فايب كلين برو أثناء تنظيف الأسطح والممرات الخارجية ضمن مشروع حقيقي
Project,PRJ-CAND-20260305-01,Candidate,vibe-clean-pro-glass-cleaning-office-during-001.webp,Glass Cleaning,During,Excellent,Strong Project Evidence,No,NEEDS OWNER CONFIRMATION,متوسط (مرحلة واحدة),عامل من فايب كلين برو أثناء تنظيف الزجاج ضمن مشروع حقيقي
Project,PRJ-CAND-20260305-01,Candidate,vibe-clean-pro-deep-cleaning-bathroom-worker-001.webp,Wall Cleaning,During,Good,Strong Project Evidence,No,NEEDS OWNER CONFIRMATION,متوسط (مرحلة واحدة),عامل من فايب كلين برو أثناء تنظيف الجدران ضمن مشروع حقيقي
Project,PRJ-CAND-20260305-01,Candidate,vibe-clean-pro-post-construction-cleaning-stage-001.webp,Floor Cleaning,During,Weak,Useful Project Evidence,No,NEEDS OWNER CONFIRMATION,متوسط (مرحلة واحدة),عامل من فايب كلين برو أثناء تنظيف الأرضيات ضمن مشروع حقيقي
Project,PRJ-CAND-20260305-01,Candidate,vibe-clean-pro-floor-cleaning-machine-riyadh.webp,Floor Polishing,During,Excellent,Strong Project Evidence,No,NEEDS OWNER CONFIRMATION,متوسط (مرحلة واحدة),عامل من فايب كلين برو أثناء جلي وتلميع الأرضيات ضمن مشروع حقيقي
Project,PRJ-CAND-20260305-01,Candidate,vibe-clean-pro-post-construction-cleaning-worker-removing-tape.webp,Post-Construction Cleaning,During,Weak,Useful Project Evidence,No,NEEDS OWNER CONFIRMATION,متوسط (مرحلة واحدة),عامل من فايب كلين برو أثناء تنظيف ما بعد البناء والتشطيب ضمن مشروع حقيقي
Project,PRJ-CAND-20260305-01,Candidate,vibe-clean-pro-post-construction-cleaning-worker-scraping-floor-001.webp,Glass Cleaning,During,Good,Strong Project Evidence,No,NEEDS OWNER CONFIRMATION,متوسط (مرحلة واحدة),عامل من فايب كلين برو أثناء تنظيف الزجاج ضمن مشروع حقيقي
Project,PRJ-CAND-20260305-01,Candidate,vibe-clean-pro-floor-cleaning-outdoor-drain-001.webp,Exterior Surface Cleaning,During,Weak,Useful Project Evidence,No,NEEDS OWNER CONFIRMATION,متوسط (مرحلة واحدة),صورة حقيقية من أعمال فايب كلين برو توضح تنظيف الأسطح والممرات الخارجية
Project,PRJ-CAND-20260305-01,Candidate,vibe-clean-pro-post-construction-cleaning-floor-scraping-001.webp,Floor Cleaning,During,Weak,Useful Project Evidence,No,NEEDS OWNER CONFIRMATION,متوسط (مرحلة واحدة),عامل من فايب كلين برو أثناء تنظيف الأرضيات ضمن مشروع حقيقي
Project,PRJ-CAND-20260305-01,Candidate,vibe-clean-pro-outdoor-cleaning-roof-terrace-stage-001.webp,Exterior Surface Cleaning,During,Good,Strong Project Evidence,No,NEEDS OWNER CONFIRMATION,متوسط (مرحلة واحدة),عامل من فايب كلين برو أثناء تنظيف الأسطح والممرات الخارجية ضمن مشروع حقيقي
Project,PRJ-CAND-20260305-01,Candidate,vibe-clean-pro-bathroom-cleaning-worker-riyadh-001.webp,Bathroom Cleaning,During,Good,Strong Project Evidence,No,NEEDS OWNER CONFIRMATION,متوسط (مرحلة واحدة),عامل من فايب كلين برو أثناء تنظيف الحمامات ضمن مشروع حقيقي
Project,CAND-20260614-OFFICE-G,Candidate,vibe-clean-pro-general-cleaning-4.webp,Office Cleaning,During,Weak,Strong Project Evidence,Yes,NEEDS OWNER CONFIRMATION,متوسط (مرحلة واحدة),صورة حقيقية من أعمال فايب كلين برو أثناء تنظيف المكاتب
Project,CAND-20260614-OFFICE-G,Candidate,vibe-clean-pro-office-glass-cleaning-stage-001.webp,Office Cleaning,During,Good,Strong Project Evidence,Yes,NEEDS OWNER CONFIRMATION,متوسط (مرحلة واحدة),صورة حقيقية من أعمال فايب كلين برو أثناء تنظيف المكاتب
Project,CAND-20260614-OFFICE-G,Candidate,vibe-clean-pro-office-glass-cleaning-riyadh-001.webp,Office Cleaning,During,Good,Strong Project Evidence,Yes,NEEDS OWNER CONFIRMATION,متوسط (مرحلة واحدة),صورة حقيقية من أعمال فايب كلين برو أثناء تنظيف المكاتب
Project,CAND-20260614-OFFICE-G,Candidate,vibe-clean-pro-deep-cleaning-villa-stage-001-2.webp,Office Cleaning,During,Good,Strong Project Evidence,No,NEEDS OWNER CONFIRMATION,متوسط (مرحلة واحدة),صورة حقيقية من أعمال فايب كلين برو أثناء تنظيف المكاتب
Project,CAND-20260614-OFFICE-G,Candidate,vibe-clean-pro-living-room-carpet-vacuuming-001.webp,Office Cleaning,During,Good,Strong Project Evidence,Yes,NEEDS OWNER CONFIRMATION,متوسط (مرحلة واحدة),صورة حقيقية من أعمال فايب كلين برو أثناء تنظيف المكاتب
Project,CAND-20260614-OFFICE-G,Candidate,vibe-clean-pro-office-cleaning-worker-wiping-drawer.webp,Office Cleaning,During,Good,Strong Project Evidence,Yes,NEEDS OWNER CONFIRMATION,متوسط (مرحلة واحدة),صورة حقيقية من أعمال فايب كلين برو أثناء تنظيف المكاتب
Project,CAND-20260614-OFFICE-G,Candidate,vibe-clean-pro-glass-cleaning-office-stage-001-1.webp,Office Cleaning,During,Good,Strong Project Evidence,No,NEEDS OWNER CONFIRMATION,متوسط (مرحلة واحدة),صورة حقيقية من أعمال فايب كلين برو أثناء تنظيف المكاتب
Project,CAND-20260614-OFFICE-G,Candidate,vibe-clean-pro-home-cleaning-dining-table-riyadh-001.webp,Office Cleaning,During,Good,Strong Project Evidence,Yes,NEEDS OWNER CONFIRMATION,متوسط (مرحلة واحدة),صورة حقيقية من أعمال فايب كلين برو أثناء تنظيف المكاتب
Project,CAND-20260614-OFFICE-G,Candidate,vibe-clean-pro-commercial-facade-glass-cleaning-stage-during-001.webp,Office Cleaning,During,Good,Strong Project Evidence,No,NEEDS OWNER CONFIRMATION,متوسط (مرحلة واحدة),صورة حقيقية من أعمال فايب كلين برو أثناء تنظيف المكاتب
Project,CAND-20260614-OFFICE-G,Candidate,vibe-clean-pro-office-cleaning-worker-desks-riyadh-001.webp,Office Cleaning,During,Good,Strong Project Evidence,Yes,NEEDS OWNER CONFIRMATION,متوسط (مرحلة واحدة),صورة حقيقية من أعمال فايب كلين برو أثناء تنظيف المكاتب
Project,CAND-20260801-FACADE-B,Candidate,vibe-clean-pro-facade-cleaning-glass-stage-001.webp,Facade Cleaning,During,Good,Strong Project Evidence,No,NEEDS OWNER CONFIRMATION,قوي (قبل+بعد),صورة حقيقية من أعمال فايب كلين برو أثناء تنظيف الواجهات
Project,CAND-20260801-FACADE-B,Candidate,vibe-clean-pro-facade-cleaning-building-exterior-001.webp,Facade Cleaning,During,Weak,Strong Project Evidence,No,NEEDS OWNER CONFIRMATION,قوي (قبل+بعد),صورة حقيقية من أعمال فايب كلين برو أثناء تنظيف الواجهات
Project,CAND-20260801-FACADE-B,Candidate,vibe-clean-pro-facade-cleaning-commercial-building-001-10.webp,Facade Cleaning,During,Good,Strong Project Evidence,No,NEEDS OWNER CONFIRMATION,قوي (قبل+بعد),صورة حقيقية من أعمال فايب كلين برو أثناء تنظيف الواجهات
Project,CAND-20260801-FACADE-B,Candidate,vibe-clean-pro-facade-cleaning-building-stage-001-4.webp,Facade Cleaning,During,Excellent,Strong Project Evidence,No,NEEDS OWNER CONFIRMATION,قوي (قبل+بعد),صورة حقيقية من أعمال فايب كلين برو أثناء تنظيف الواجهات
Project,CAND-20260801-FACADE-B,Candidate,vibe-clean-pro-facade-glass-cleaning-riyadh-001-10.webp,Facade Cleaning,During,Good,Strong Project Evidence,No,NEEDS OWNER CONFIRMATION,قوي (قبل+بعد),صورة حقيقية من أعمال فايب كلين برو أثناء تنظيف الواجهات
Project,CAND-20260801-FACADE-B,Candidate,vibe-clean-pro-facade-cleaning-stage-during-001.webp,Facade Cleaning,Before/After,Good,Strong Project Evidence,No,NEEDS OWNER CONFIRMATION,قوي (قبل+بعد),مقارنة حقيقية قبل وبعد تنظيف الواجهات ضمن أحد أعمال فايب كلين برو
Project,CAND-20260801-FACADE-B,Candidate,vibe-clean-pro-glass-cleaning-facade-stage-before-after-001.webp,Facade Cleaning,Before/After,Excellent,Strong Project Evidence,No,NEEDS OWNER CONFIRMATION,قوي (قبل+بعد),مقارنة حقيقية قبل وبعد تنظيف الواجهات ضمن أحد أعمال فايب كلين برو
Project,CAND-20260801-FACADE-B,Candidate,vibe-clean-pro-facade-cleaning-comparison-stage-001.webp,Facade Cleaning,Before/After,Good,Strong Project Evidence,No,NEEDS OWNER CONFIRMATION,قوي (قبل+بعد),مقارنة حقيقية قبل وبعد تنظيف الواجهات ضمن أحد أعمال فايب كلين برو
Project,CAND-20260801-FACADE-B,Candidate,vibe-clean-pro-facade-glass-cleaning-before-after-001.webp,Facade Cleaning,Before/After,Good,Strong Project Evidence,No,NEEDS OWNER CONFIRMATION,قوي (قبل+بعد),مقارنة حقيقية قبل وبعد تنظيف الواجهات ضمن أحد أعمال فايب كلين برو
Project,CAND-20260801-FACADE-B,Candidate,vibe-clean-pro-facade-cleaning-comparison-001.webp,Facade Cleaning,Before/After,Good,Strong Project Evidence,No,NEEDS OWNER CONFIRMATION,قوي (قبل+بعد),مقارنة حقيقية قبل وبعد تنظيف الواجهات ضمن أحد أعمال فايب كلين برو
Project,CAND-20260801-VILLA-A,Candidate,vibe-clean-pro-outdoor-furniture-cleaning-riyadh-001.webp,Garden / Exterior Cleaning,During,Good,Strong Project Evidence,Yes,NEEDS OWNER CONFIRMATION,متوسط (مرحلة واحدة),صورة حقيقية من أعمال فايب كلين برو أثناء تنظيف الحديقة والأثاث الخارجي
Project,CAND-20260801-VILLA-A,Candidate,vibe-clean-pro-outdoor-furniture-cleaning-riyadh.webp,Garden / Exterior Cleaning,During,Good,Strong Project Evidence,Yes,NEEDS OWNER CONFIRMATION,متوسط (مرحلة واحدة),صورة حقيقية من أعمال فايب كلين برو أثناء تنظيف الحديقة والأثاث الخارجي
Project,CAND-20260801-VILLA-A,Candidate,vibe-clean-pro-commercial-cleaning-bathroom-stage-001-1.webp,Villa Cleaning,During,Good,Strong Project Evidence,No,NEEDS OWNER CONFIRMATION,متوسط (مرحلة واحدة),صورة حقيقية من أعمال فايب كلين برو أثناء تنظيف فيلا
Project,CAND-20260801-VILLA-A,Candidate,vibe-clean-pro-commercial-cleaning-bathroom-stalls-001-1.webp,Villa Cleaning,During,Good,Strong Project Evidence,No,NEEDS OWNER CONFIRMATION,متوسط (مرحلة واحدة),صورة حقيقية من أعمال فايب كلين برو أثناء تنظيف فيلا
Project,CAND-20260801-VILLA-A,Candidate,vibe-clean-pro-commercial-bathroom-cleaning-after-001-1.webp,Villa Cleaning,During,Good,Strong Project Evidence,No,NEEDS OWNER CONFIRMATION,متوسط (مرحلة واحدة),صورة حقيقية من أعمال فايب كلين برو أثناء تنظيف فيلا
Project,CAND-20260801-VILLA-A,Candidate,vibe-clean-pro-bathroom-cleaning-worker-riyadh-001-2.webp,Villa Cleaning,During,Good,Strong Project Evidence,No,NEEDS OWNER CONFIRMATION,متوسط (مرحلة واحدة),صورة حقيقية من أعمال فايب كلين برو أثناء تنظيف فيلا
Project,CAND-20260801-VILLA-A,Candidate,vibe-clean-pro-commercial-cleaning-corridor-stage-001-2.webp,Villa Cleaning,During,Good,Strong Project Evidence,Yes,NEEDS OWNER CONFIRMATION,متوسط (مرحلة واحدة),صورة حقيقية من أعمال فايب كلين برو أثناء تنظيف فيلا
Project,CAND-20260801-VILLA-A,Candidate,vibe-clean-pro-floor-cleaning-service-stage-001-1.webp,Villa Cleaning,During,Good,Strong Project Evidence,Yes,NEEDS OWNER CONFIRMATION,متوسط (مرحلة واحدة),صورة حقيقية من أعمال فايب كلين برو أثناء تنظيف فيلا
Project,CAND-20260801-VILLA-A,Candidate,vibe-clean-pro-post-construction-cleaning-villa-001.webp,Villa Cleaning,During,Good,Strong Project Evidence,Yes,NEEDS OWNER CONFIRMATION,متوسط (مرحلة واحدة),صورة حقيقية من أعمال فايب كلين برو أثناء تنظيف فيلا
Project,CAND-20260916-VILLA-B,Candidate,VID-20260916-WA0000.mp4,Villa Cleaning,During,Yes,Strong Project Evidence,Yes,NEEDS OWNER CONFIRMATION,متوسط (مرحلة واحدة),فيديو حقيقي من أعمال فايب كلين برو يوضح تنظيف الفلل
Project,CAND-20260916-VILLA-B,Candidate,VID-20260916-WA0001.mp4,Team / Brand,General,Yes,Brand / Team Evidence,Yes,NEEDS OWNER CONFIRMATION,متوسط (مرحلة واحدة),فريق فايب كلين برو بزي العمل في موقع مشروع حقيقي
Project,CAND-20260916-VILLA-B,Candidate,VID-20260916-WA0002.mp4,Villa Cleaning,During,Yes,Strong Project Evidence,Yes,NEEDS OWNER CONFIRMATION,متوسط (مرحلة واحدة),فيديو حقيقي من أعمال فايب كلين برو يوضح تنظيف الفلل
Project,CAND-20260916-VILLA-B,Candidate,VID-20260916-WA0004.mp4,High-Level Interior Cleaning,During,Yes,Strong Project Evidence,Yes,NEEDS OWNER CONFIRMATION,متوسط (مرحلة واحدة),فيديو حقيقي من أعمال فايب كلين برو يوضح تنظيف الأجزاء المرتفعة
Project,CAND-20260916-VILLA-B,Candidate,VID-20260916-WA0005.mp4,Glass Cleaning,During,Yes,Strong Project Evidence,Yes,NEEDS OWNER CONFIRMATION,متوسط (مرحلة واحدة),فيديو حقيقي من أعمال فايب كلين برو يوضح تنظيف الزجاج
Project,CAND-20260916-VILLA-B,Candidate,VID-20260916-WA0006.mp4,Villa Cleaning,During,Yes,Strong Project Evidence,Yes,NEEDS OWNER CONFIRMATION,متوسط (مرحلة واحدة),فيديو حقيقي من أعمال فايب كلين برو يوضح تنظيف الفلل
Project,CAND-20260916-VILLA-B,Candidate,VID-20260916-WA0007.mp4,Glass Cleaning,During,Yes,Strong Project Evidence,Yes,NEEDS OWNER CONFIRMATION,متوسط (مرحلة واحدة),فيديو حقيقي من أعمال فايب كلين برو يوضح تنظيف الزجاج
Project,CAND-20260916-VILLA-B,Candidate,VID-20260916-WA0008.mp4,Post-Construction Cleaning,During,Yes,Strong Project Evidence,Yes,NEEDS OWNER CONFIRMATION,متوسط (مرحلة واحدة),فيديو حقيقي من أعمال فايب كلين برو يوضح تنظيف ما بعد البناء
Project,CAND-20260916-VILLA-B,Candidate,VID-20260916-WA0009.mp4,Floor Cleaning,During,Yes,Strong Project Evidence,Yes,NEEDS OWNER CONFIRMATION,متوسط (مرحلة واحدة),فيديو حقيقي من أعمال فايب كلين برو يوضح تنظيف الأرضيات
Project,CAND-20260614-OFFICE-E,Candidate,vibe-clean-pro-office-cleaning-stage-during.webp,Office Cleaning,During,Good,Strong Project Evidence,Yes,NEEDS OWNER CONFIRMATION,متوسط (مرحلة واحدة),صورة حقيقية من أعمال فايب كلين برو أثناء تنظيف المكاتب
Project,CAND-20260614-OFFICE-E,Candidate,vibe-clean-pro-office-cleaning-stage-during-001.webp,Office Cleaning,During,Good,Strong Project Evidence,Yes,NEEDS OWNER CONFIRMATION,متوسط (مرحلة واحدة),صورة حقيقية من أعمال فايب كلين برو أثناء تنظيف المكاتب
Project,CAND-20260614-OFFICE-E,Candidate,vibe-clean-pro-office-cleaning-glass-stage-001.webp,Office Cleaning,During,Good,Strong Project Evidence,Yes,NEEDS OWNER CONFIRMATION,متوسط (مرحلة واحدة),صورة حقيقية من أعمال فايب كلين برو أثناء تنظيف المكاتب
Project,CAND-20260614-OFFICE-E,Candidate,vibe-clean-pro-office-cleaning-worker-wiping-wall-stage-001.webp,Office Cleaning,During,Good,Strong Project Evidence,No,NEEDS OWNER CONFIRMATION,متوسط (مرحلة واحدة),صورة حقيقية من أعمال فايب كلين برو أثناء تنظيف المكاتب
Project,CAND-20260614-OFFICE-E,Candidate,vibe-clean-pro-office-cleaning-stage-during-001-1.webp,Office Cleaning,During,Weak,Strong Project Evidence,Yes,NEEDS OWNER CONFIRMATION,متوسط (مرحلة واحدة),صورة حقيقية من أعمال فايب كلين برو أثناء تنظيف المكاتب
Project,CAND-20260614-OFFICE-E,Candidate,vibe-clean-pro-office-cleaning-stage-during-001-2.webp,Office Cleaning,During,Excellent,Strong Project Evidence,Yes,NEEDS OWNER CONFIRMATION,متوسط (مرحلة واحدة),صورة حقيقية من أعمال فايب كلين برو أثناء تنظيف المكاتب
Project,CAND-20260614-OFFICE-E,Candidate,vibe-clean-pro-office-cleaning-stage-001.webp,Office Cleaning,During,Good,Strong Project Evidence,No,NEEDS OWNER CONFIRMATION,متوسط (مرحلة واحدة),صورة حقيقية من أعمال فايب كلين برو أثناء تنظيف المكاتب
Project,CAND-20260614-OFFICE-E,Candidate,vibe-clean-pro-office-carpet-cleaning-riyadh.webp,Office Cleaning,During,Good,Strong Project Evidence,No,NEEDS OWNER CONFIRMATION,متوسط (مرحلة واحدة),صورة حقيقية من أعمال فايب كلين برو أثناء تنظيف المكاتب
Project,CAND-20260614-HALL-F,Candidate,vibe-clean-pro-commercial-cleaning-stage-001.webp,High-Level Interior Cleaning,During,Good,Strong Project Evidence,Yes,NEEDS OWNER CONFIRMATION,ضعيف,صورة حقيقية من أعمال فايب كلين برو أثناء تنظيف الأجزاء الداخلية المرتفعة
Project,CAND-20260614-HALL-F,Candidate,vibe-clean-pro-post-construction-cleaning-commercial-site-001.webp,High-Level Interior Cleaning,During,Good,Strong Project Evidence,Yes,NEEDS OWNER CONFIRMATION,ضعيف,صورة حقيقية من أعمال فايب كلين برو أثناء تنظيف الأجزاء الداخلية المرتفعة
Project,CAND-20260614-HALL-F,Candidate,vibe-clean-pro-glass-cleaning-stage-001.webp,High-Level Interior Cleaning,During,Good,Strong Project Evidence,Yes,NEEDS OWNER CONFIRMATION,ضعيف,صورة حقيقية من أعمال فايب كلين برو أثناء تنظيف الأجزاء الداخلية المرتفعة
Project,CAND-20260614-HALL-F,Candidate,vibe-clean-pro-deep-cleaning-carpet-worker-001.webp,High-Level Interior Cleaning,During,Good,Strong Project Evidence,Yes,NEEDS OWNER CONFIRMATION,ضعيف,صورة حقيقية من أعمال فايب كلين برو أثناء تنظيف الأجزاء الداخلية المرتفعة
Project,CAND-20260614-HALL-F,Candidate,vibe-clean-pro-glass-cleaning-service-stage-001-4.webp,High-Level Interior Cleaning,During,Good,Strong Project Evidence,Yes,NEEDS OWNER CONFIRMATION,ضعيف,صورة حقيقية من أعمال فايب كلين برو أثناء تنظيف الأجزاء الداخلية المرتفعة
Project,CAND-20260614-HALL-F,Candidate,vibe-clean-pro-commercial-cleaning-lighting-fixture-riyadh.webp,High-Level Interior Cleaning,During,Weak,Strong Project Evidence,Yes,NEEDS OWNER CONFIRMATION,ضعيف,صورة حقيقية من أعمال فايب كلين برو أثناء تنظيف الأجزاء الداخلية المرتفعة
Project,CAND-20260614-HALL-F,Candidate,vibe-clean-pro-deep-cleaning-villa-stage-001-1.webp,High-Level Interior Cleaning,During,Good,Strong Project Evidence,Yes,NEEDS OWNER CONFIRMATION,ضعيف,صورة حقيقية من أعمال فايب كلين برو أثناء تنظيف الأجزاء الداخلية المرتفعة
Project,CAND-20260730-PAVERS-D,Candidate,vibe-clean-pro-floor-cleaning-outdoor-area-001-2.webp,Exterior Surface Cleaning,Before,Weak,Useful Project Evidence,No,NEEDS OWNER CONFIRMATION,ضعيف,صورة حقيقية من أعمال فايب كلين برو توضح تنظيف الأسطح الخارجية
Project,CAND-20260730-PAVERS-D,Candidate,vibe-clean-pro-outdoor-area-floor-cleaning-stage-001.webp,Exterior Surface Cleaning,Before,Weak,Useful Project Evidence,No,NEEDS OWNER CONFIRMATION,ضعيف,صورة حقيقية من أعمال فايب كلين برو توضح تنظيف الأسطح الخارجية
Project,CAND-20260730-PAVERS-D,Candidate,vibe-clean-pro-outdoor-area-floor-cleaning-stage-001-1.webp,Exterior Surface Cleaning,Before,Weak,Useful Project Evidence,No,NEEDS OWNER CONFIRMATION,ضعيف,صورة حقيقية من أعمال فايب كلين برو توضح تنظيف الأسطح الخارجية
Project,CAND-20260730-PAVERS-D,Candidate,vibe-clean-pro-outdoor-area-floor-cleaning-stage-001-2.webp,Exterior Surface Cleaning,Before,Weak,Useful Project Evidence,No,NEEDS OWNER CONFIRMATION,ضعيف,صورة حقيقية من أعمال فايب كلين برو توضح تنظيف الأسطح الخارجية
Project,CAND-20260730-PAVERS-D,Candidate,vibe-clean-pro-floor-cleaning-outdoor-area-001-3.webp,Exterior Surface Cleaning,Before,Weak,Useful Project Evidence,No,NEEDS OWNER CONFIRMATION,ضعيف,صورة حقيقية من أعمال فايب كلين برو توضح تنظيف الأسطح الخارجية
Project,CAND-20260730-PAVERS-D,Candidate,vibe-clean-pro-floor-cleaning-outdoor-area-001-4.webp,Exterior Surface Cleaning,Before,Weak,Useful Project Evidence,No,NEEDS OWNER CONFIRMATION,ضعيف,صورة حقيقية من أعمال فايب كلين برو توضح تنظيف الأسطح الخارجية
Project,CAND-20260730-PAVERS-D,Candidate,vibe-clean-pro-outdoor-area-floor-cleaning-stage-001-3.webp,Exterior Surface Cleaning,Before,Weak,Useful Project Evidence,No,NEEDS OWNER CONFIRMATION,ضعيف,صورة حقيقية من أعمال فايب كلين برو توضح تنظيف الأسطح الخارجية
Project,CAND-20260821-GLASS-A,Candidate,vibe-clean-pro-commercial-glass-facade-cleaning-riyadh-stage-001.webp,Glass Cleaning,During,Good,Strong Project Evidence,No,NEEDS OWNER CONFIRMATION,ضعيف,صورة حقيقية من أعمال فايب كلين برو أثناء تنظيف الزجاج
Project,CAND-20260821-GLASS-A,Candidate,vibe-clean-pro-post-construction-cleaning-worker-stage-001-3.webp,Glass Cleaning,During,Weak,Strong Project Evidence,Yes,NEEDS OWNER CONFIRMATION,ضعيف,صورة حقيقية من أعمال فايب كلين برو أثناء تنظيف الزجاج
Project,CAND-20260821-GLASS-A,Candidate,vibe-clean-pro-facade-glass-cleaning-commercial-building-001-1.webp,Glass Cleaning,During,Good,Strong Project Evidence,No,NEEDS OWNER CONFIRMATION,ضعيف,صورة حقيقية من أعمال فايب كلين برو أثناء تنظيف الزجاج
Project,CAND-20260821-GLASS-A,Candidate,vibe-clean-pro-facade-cleaning-scissor-lift-riyadh-001.webp,Glass Cleaning,During,Good,Strong Project Evidence,Yes,NEEDS OWNER CONFIRMATION,ضعيف,صورة حقيقية من أعمال فايب كلين برو أثناء تنظيف الزجاج
Project,CAND-20260821-GLASS-A,Candidate,vibe-clean-pro-facade-glass-cleaning-stage-during-001.webp,Glass Cleaning,During,Good,Strong Project Evidence,Yes,NEEDS OWNER CONFIRMATION,ضعيف,صورة حقيقية من أعمال فايب كلين برو أثناء تنظيف الزجاج
Project,CAND-20260821-GLASS-A,Candidate,vibe-clean-pro-glass-cleaning-before-001.webp,Glass Cleaning,During,Excellent,Strong Project Evidence,No,NEEDS OWNER CONFIRMATION,ضعيف,صورة حقيقية من أعمال فايب كلين برو أثناء تنظيف الزجاج
Project,CAND-20260821-GLASS-A,Candidate,vibe-clean-pro-commercial-glass-cleaning-stage-during-001.webp,Glass Cleaning,During,Excellent,Strong Project Evidence,No,NEEDS OWNER CONFIRMATION,ضعيف,صورة حقيقية من أعمال فايب كلين برو أثناء تنظيف الزجاج
Project,CAND-20260507-VILLA-A,Candidate,VID-20260507-WA0070.mp4,Exterior Surface Cleaning,During,Yes,Strong Project Evidence,Yes,NEEDS OWNER CONFIRMATION,ضعيف,فيديو حقيقي من أعمال فايب كلين برو يوضح تنظيف الأسطح الخارجية
Project,CAND-20260507-VILLA-A,Candidate,VID-20260507-WA0072.mp4,Post-Construction Cleaning,During,Yes,Strong Project Evidence,Yes,NEEDS OWNER CONFIRMATION,ضعيف,فيديو حقيقي من أعمال فايب كلين برو يوضح تنظيف ما بعد البناء
Project,CAND-20260507-VILLA-A,Candidate,VID-20260507-WA0125.mp4,Post-Construction Cleaning,During,Yes,Strong Project Evidence,Yes,NEEDS OWNER CONFIRMATION,ضعيف,فيديو حقيقي من أعمال فايب كلين برو يوضح تنظيف ما بعد البناء
Project,CAND-20260507-VILLA-A,Candidate,VID-20260507-WA0126.mp4,Glass Cleaning,During,Yes,Strong Project Evidence,Yes,NEEDS OWNER CONFIRMATION,ضعيف,فيديو حقيقي من أعمال فايب كلين برو يوضح تنظيف الزجاج
Project,CAND-20260507-VILLA-A,Candidate,VID-20260507-WA0127.mp4,High-Level Interior Cleaning,During,Yes,Strong Project Evidence,Yes,NEEDS OWNER CONFIRMATION,ضعيف,فيديو حقيقي من أعمال فايب كلين برو يوضح تنظيف الأجزاء المرتفعة
Project,CAND-20260507-VILLA-A,Candidate,VID-20260507-WA0128.mp4,Glass Cleaning,During,Yes,Strong Project Evidence,Yes,NEEDS OWNER CONFIRMATION,ضعيف,فيديو حقيقي من أعمال فايب كلين برو يوضح تنظيف الزجاج
Project,CAND-20260507-VILLA-A,Candidate,VID-20260507-WA0129.mp4,Villa Cleaning,During,Yes,Strong Project Evidence,Yes,NEEDS OWNER CONFIRMATION,ضعيف,فيديو حقيقي من أعمال فايب كلين برو يوضح تنظيف الفلل
Project,CAND-20260507-LUXURY-INTERIOR,Candidate,vibe-clean-pro-post-construction-cleaning-villa-stage-001-5.webp,Floor Cleaning,During,Good,Strong Project Evidence,No,NEEDS OWNER CONFIRMATION,ضعيف,صورة حقيقية من أعمال فايب كلين برو توضح worker performing detailed floor and surface clean
Project,CAND-20260507-LUXURY-INTERIOR,Candidate,vibe-clean-pro-marble-cleaning-worker-stage-001.webp,Floor Cleaning,During,Good,Strong Project Evidence,No,NEEDS OWNER CONFIRMATION,ضعيف,صورة حقيقية من أعمال فايب كلين برو توضح worker performing detailed floor and surface clean
Project,CAND-20260507-LUXURY-INTERIOR,Candidate,vibe-clean-pro-deep-cleaning-commercial-lounge-001.webp,Floor Cleaning,During,Good,Strong Project Evidence,No,NEEDS OWNER CONFIRMATION,ضعيف,صورة حقيقية من أعمال فايب كلين برو توضح worker performing detailed floor and surface clean
Project,CAND-20260507-LUXURY-INTERIOR,Candidate,vibe-clean-pro-post-construction-cleaning-villa-stage-001-2.webp,Floor Cleaning,During,Good,Strong Project Evidence,No,NEEDS OWNER CONFIRMATION,ضعيف,صورة حقيقية من أعمال فايب كلين برو توضح worker performing detailed floor and surface clean
Project,CAND-20260507-LUXURY-INTERIOR,Candidate,vibe-clean-pro-deep-cleaning-service-stage-001.webp,Floor Cleaning,During,Good,Strong Project Evidence,No,NEEDS OWNER CONFIRMATION,ضعيف,صورة حقيقية من أعمال فايب كلين برو توضح worker performing detailed floor and surface clean
Project,CAND-20260507-LUXURY-INTERIOR,Candidate,vibe-clean-pro-post-construction-floor-cleaning-riyadh-001.webp,Floor Cleaning,During,Good,Strong Project Evidence,No,NEEDS OWNER CONFIRMATION,ضعيف,صورة حقيقية من أعمال فايب كلين برو توضح worker performing detailed floor and surface clean
Project,CAND-20260523-GLASS-INTERIOR-01,Candidate,vibe-clean-pro-glass-cleaning-commercial-stage-001-1.webp,Glass Cleaning,During,Excellent,Strong Project Evidence,No,NEEDS OWNER CONFIRMATION,ضعيف,صورة حقيقية من أعمال فايب كلين برو توضح workers cleaning large commercial glass panels and
Project,CAND-20260523-GLASS-INTERIOR-01,Candidate,vibe-clean-pro-glass-cleaning-service-riyadh-001.webp,Glass Cleaning,During,Excellent,Strong Project Evidence,No,NEEDS OWNER CONFIRMATION,ضعيف,صورة حقيقية من أعمال فايب كلين برو توضح workers cleaning large commercial glass panels and
Project,CAND-20260523-GLASS-INTERIOR-01,Candidate,vibe-clean-pro-glass-cleaning-service-stage-001-1.webp,Glass Cleaning,During,Excellent,Strong Project Evidence,No,NEEDS OWNER CONFIRMATION,ضعيف,صورة حقيقية من أعمال فايب كلين برو توضح workers cleaning large commercial glass panels and
Project,CAND-20260523-GLASS-INTERIOR-01,Candidate,vibe-clean-pro-commercial-glass-cleaning-during-stage-001.webp,Glass Cleaning,During,Excellent,Strong Project Evidence,No,NEEDS OWNER CONFIRMATION,ضعيف,صورة حقيقية من أعمال فايب كلين برو توضح workers cleaning large commercial glass panels and
Project,CAND-20260523-GLASS-INTERIOR-01,Candidate,vibe-clean-pro-glass-cleaning-service-stage-001-2.webp,Glass Cleaning,During,Excellent,Strong Project Evidence,No,NEEDS OWNER CONFIRMATION,ضعيف,صورة حقيقية من أعمال فايب كلين برو توضح workers cleaning large commercial glass panels and
Project,CAND-20260523-GLASS-INTERIOR-01,Candidate,vibe-clean-pro-glass-cleaning-commercial-stage-001-2.webp,Glass Cleaning,During,Excellent,Strong Project Evidence,No,NEEDS OWNER CONFIRMATION,ضعيف,صورة حقيقية من أعمال فايب كلين برو توضح workers cleaning large commercial glass panels and
Project,CAND-20260523-CORRIDOR-01,Candidate,vibe-clean-pro-post-construction-cleaning-commercial-001.webp,Floor Cleaning,During,Good,Strong Project Evidence,No,NEEDS OWNER CONFIRMATION,ضعيف,صورة حقيقية من أعمال فايب كلين برو توضح cleaning team washing and detailing a commercial c
Project,CAND-20260523-CORRIDOR-01,Candidate,vibe-clean-pro-commercial-cleaning-corridor-stage-during-001.webp,Floor Cleaning,During,Good,Strong Project Evidence,No,NEEDS OWNER CONFIRMATION,ضعيف,صورة حقيقية من أعمال فايب كلين برو توضح cleaning team washing and detailing a commercial c
Project,CAND-20260523-CORRIDOR-01,Candidate,vibe-clean-pro-post-construction-cleaning-villa-stage-001-3.webp,Floor Cleaning,During,Good,Strong Project Evidence,No,NEEDS OWNER CONFIRMATION,ضعيف,صورة حقيقية من أعمال فايب كلين برو توضح cleaning team washing and detailing a commercial c
Project,CAND-20260523-CORRIDOR-01,Candidate,vibe-clean-pro-commercial-floor-cleaning-corridor-stage-001.webp,Floor Cleaning,During,Good,Strong Project Evidence,No,NEEDS OWNER CONFIRMATION,ضعيف,صورة حقيقية من أعمال فايب كلين برو توضح cleaning team washing and detailing a commercial c
Project,CAND-20260523-CORRIDOR-01,Candidate,vibe-clean-pro-post-construction-cleaning-commercial-stage-001.webp,Floor Cleaning,During,Good,Strong Project Evidence,No,NEEDS OWNER CONFIRMATION,ضعيف,صورة حقيقية من أعمال فايب كلين برو توضح cleaning team washing and detailing a commercial c
Project,CAND-20260523-CORRIDOR-01,Candidate,vibe-clean-pro-post-construction-cleaning-commercial-hallway-001.webp,Floor Cleaning,During,Good,Strong Project Evidence,No,NEEDS OWNER CONFIRMATION,ضعيف,صورة حقيقية من أعمال فايب كلين برو توضح cleaning team washing and detailing a commercial c
Project,CAND-20260523-EXTERIOR-A,Candidate,VID-20260523-WA0094.mp4,Exterior Surface Cleaning,During,Yes,Strong Project Evidence,No,NEEDS OWNER CONFIRMATION,ضعيف,فيديو حقيقي من أعمال فايب كلين برو يوضح تنظيف الأسطح الخارجية
Project,CAND-20260523-EXTERIOR-A,Candidate,VID-20260523-WA0095.mp4,Exterior Surface Cleaning,During,Yes,Strong Project Evidence,Yes,NEEDS OWNER CONFIRMATION,ضعيف,فيديو حقيقي من أعمال فايب كلين برو يوضح تنظيف الأسطح الخارجية
Project,CAND-20260523-EXTERIOR-A,Candidate,VID-20260523-WA0096.mp4,Exterior Surface Cleaning,During,Yes,Strong Project Evidence,Yes,NEEDS OWNER CONFIRMATION,ضعيف,فيديو حقيقي من أعمال فايب كلين برو يوضح تنظيف الأسطح الخارجية
Project,CAND-20260523-EXTERIOR-A,Candidate,VID-20260523-WA0099.mp4,Exterior Surface Cleaning,During,Yes,Strong Project Evidence,Yes,NEEDS OWNER CONFIRMATION,ضعيف,فيديو حقيقي من أعمال فايب كلين برو يوضح تنظيف الأسطح الخارجية
Project,CAND-20260523-EXTERIOR-A,Candidate,VID-20260523-WA0101.mp4,Exterior Surface Cleaning,During,Yes,Strong Project Evidence,Yes,NEEDS OWNER CONFIRMATION,ضعيف,فيديو حقيقي من أعمال فايب كلين برو يوضح تنظيف الأسطح الخارجية
GBP,Google Business Profile,Photo,vibe-clean-pro-air-conditioner-cleaning-riyadh-stage-001.webp,Air Conditioner Cleaning,During,Excellent,Strong Project Evidence,No,,,صورة من أعمال فايب كلين برو: فني ينظف وحدة سبليت داخلية مع تغطية واقية للجدار
GBP,Google Business Profile,Photo,vibe-clean-pro-carpet-cleaning-majlis-001.webp,Carpet Cleaning,During,Excellent,Strong Project Evidence,No,,,صورة من أعمال فايب كلين برو: ماكينة جلي على سجادة مجلس مع كنب مبطن
GBP,Google Business Profile,Photo,vibe-clean-pro-sofa-cleaning-service-riyadh.webp,Sofa Cleaning,During,Excellent,Strong Project Evidence,No,,,صورة من أعمال فايب كلين برو: عامل بالزي ينظف كنبة بالاستخلاص
GBP,Google Business Profile,Photo,vibe-clean-pro-villa-cleaning-service-stage-during-001.webp,Villa Cleaning,During,Excellent,Strong Project Evidence,No,,,صورة من أعمال فايب كلين برو: فريق من أربعة أفراد بالزي الموحد ينظف مدخل ودرج فيلا
GBP,Google Business Profile,Photo,vibe-clean-pro-water-tank-cleaning-worker-during-001.webp,Water Tank Cleaning,During,Excellent,Strong Project Evidence,No,,,صورة من أعمال فايب كلين برو: عامل بكمامة وقفازات يكشط ويعقّم جدار خزان مياه
GBP,Google Business Profile,Photo,vibe-clean-pro-bathroom-deep-cleaning-after-001.webp,Bathroom Cleaning,After,Excellent,Strong Project Evidence,No,,,نتيجة الموقع بعد تنظيف الحمامات ضمن مشروع حقيقي لفايب كلين برو
GBP,Google Business Profile,Photo,vibe-clean-pro-commercial-ceiling-cleaning-during-001.webp,Chandelier Cleaning,During,Excellent,Strong Project Evidence,No,,,صورة حقيقية من أعمال فايب كلين برو توضح worker cleaning large decorative chandelier
GBP,Google Business Profile,Photo,vibe-clean-pro-commercial-cleaning-boom-lift-riyadh.webp,High-Level Interior Cleaning,During,Excellent,Strong Project Evidence,No,,,صورة حقيقية من أعمال فايب كلين برو توضح crew cleaning high interior architectural elements
GBP,Google Business Profile,Photo,vibe-clean-pro-commercial-cleaning-post-construction-riyadh-001.webp,Post-Construction Cleaning,During,Excellent,Strong Project Evidence,No,,,عامل من فايب كلين برو أثناء تنظيف ما بعد البناء والتشطيب ضمن مشروع حقيقي
GBP,Google Business Profile,Photo,vibe-clean-pro-commercial-cleaning-post-construction-stage-001.webp,Deep Cleaning,During,Excellent,Strong Project Evidence,No,,,عامل من فايب كلين برو أثناء تنظيف عميق ضمن مشروع حقيقي
GBP,Google Business Profile,Photo,vibe-clean-pro-commercial-facade-cleaning-riyadh-001.webp,Facade Cleaning,During,Excellent,Strong Project Evidence,No,,,صورة حقيقية من أعمال فايب كلين برو توضح cleaning crew working along a large dark commercia
GBP,Google Business Profile,Photo,vibe-clean-pro-commercial-floor-cleaning-stage-during-001.webp,Commercial Cleaning,During,Excellent,Strong Project Evidence,No,,,صورة حقيقية من أعمال فايب كلين برو توضح workers cleaning large polished commercial floor
GBP,Google Business Profile,Photo,vibe-clean-pro-commercial-glass-cleaning-during-stage-001.webp,Glass Cleaning,During,Excellent,Strong Project Evidence,No,,,صورة حقيقية من أعمال فايب كلين برو توضح workers cleaning large commercial glass panels and
GBP,Google Business Profile,Photo,vibe-clean-pro-commercial-glass-cleaning-stage-during-001.webp,Glass Cleaning,During,Excellent,Strong Project Evidence,No,,,صورة حقيقية من أعمال فايب كلين برو أثناء تنظيف الزجاج
GBP,Google Business Profile,Photo,vibe-clean-pro-commercial-post-construction-cleaning-riyadh-001.webp,Villa Cleaning,During,Excellent,Strong Project Evidence,No,,,صورة حقيقية من أعمال فايب كلين برو توضح cleaning team performing general detailed cleaning
GBP,Google Business Profile,Photo,vibe-clean-pro-deep-cleaning-after-stage-001.webp,Post-Construction Cleaning,After,Excellent,Strong Project Evidence,No,,,صورة حقيقية من أعمال فايب كلين برو توضح clean finished villa interior after detailed clean
GBP,Google Business Profile,Photo,vibe-clean-pro-facade-cleaning-building-001.webp,Facade Cleaning,During,Excellent,Strong Project Evidence,No,,,عامل من فايب كلين برو أثناء تنظيف الواجهات ضمن مشروع حقيقي
GBP,Google Business Profile,Photo,vibe-clean-pro-facade-cleaning-building-riyadh-001.webp,Facade Cleaning,During,Excellent,Strong Project Evidence,No,,,صورة حقيقية من أعمال فايب كلين برو توضح workers cleaning upper glass facade with access eq
GBP,Google Business Profile,Photo,vibe-clean-pro-facade-cleaning-scaffolding-riyadh-001.webp,Glass Cleaning,During,Excellent,Strong Project Evidence,No,,,صورة حقيقية من أعمال فايب كلين برو توضح workers cleaning tall residential windows using ac
GBP,Google Business Profile,Photo,vibe-clean-pro-facade-cleaning-service-stage-during-1.webp,Glass Facade Cleaning,During,Excellent,Strong Project Evidence,No,,,صورة حقيقية من أعمال فايب كلين برو توضح workers cleaning large exterior glass facade
GBP,Google Business Profile,Video,VID-20260507-WA0130.mp4,Exterior Surface Cleaning,During,,Strong Project Evidence,No,,,فيديو حقيقي من أعمال فايب كلين برو يوضح تنظيف الأسطح الخارجية
GBP,Google Business Profile,Video,VID-20260516-WA0017.mp4,Exterior Cleaning,General,,Useful Project Evidence,No,,,فيديو حقيقي من أعمال فايب كلين برو يوضح التنظيف الخارجي
GBP,Google Business Profile,Video,VID-20260523-WA0094.mp4,Exterior Surface Cleaning,During,,Strong Project Evidence,No,,,فيديو حقيقي من أعمال فايب كلين برو يوضح تنظيف الأسطح الخارجية
GBP,Google Business Profile,Video,VID-20260723-WA0002.mp4,Floor Cleaning,After / Walkthrough,,Strong Project Evidence,No,,,فيديو حقيقي من أعمال فايب كلين برو يوضح تنظيف الأرضيات
GBP,Google Business Profile,Video,VID-20260801-WA0018.mp4,Bathroom Cleaning,After / Walkthrough,,Strong Project Evidence,No,,,فيديو حقيقي من أعمال فايب كلين برو يوضح تنظيف دورات المياه
GBP,Google Business Profile,Logo,vibe-clean-pro-logo-primary.png,Brand Asset,,,,No,,,الشعار الرسمي
Article,دليل أسعار التنظيف في الرياض — ما الذي يحدد السعر,Illustration,vibe-clean-pro-villa-cleaning-service-stage-during-001.webp,Villa Cleaning,During,Excellent,Strong Project Evidence,No,,Reuse allowed (non-hero),صورة من أعمال فايب كلين برو: فريق من أربعة أفراد بالزي الموحد ينظف مدخل ودرج فيلا
Article,دليل أسعار التنظيف في الرياض — ما الذي يحدد السعر,Illustration,vibe-clean-pro-commercial-cleaning-post-construction-riyadh-001.webp,Post-Construction Cleaning,During,Excellent,Strong Project Evidence,No,,Reuse allowed (non-hero),عامل من فايب كلين برو أثناء تنظيف ما بعد البناء والتشطيب ضمن مشروع حقيقي
Article,دليل أسعار التنظيف في الرياض — ما الذي يحدد السعر,Illustration,vibe-clean-pro-commercial-facade-cleaning-riyadh-001.webp,Facade Cleaning,During,Excellent,Strong Project Evidence,No,,Reuse allowed (non-hero),صورة حقيقية من أعمال فايب كلين برو توضح cleaning crew working along a large dark commercia
Article,كيف تختار شركة تنظيف موثوقة — معايير التحقق,Illustration,vibe-clean-pro-deep-cleaning-door-polishing-worker.webp,General Cleaning,During,Good,Useful Project Evidence,No,,Reuse allowed (non-hero),صورة حقيقية من أعمال فايب كلين برو توضح worker cleaning interior door or wall surface
Article,كيف تختار شركة تنظيف موثوقة — معايير التحقق,Illustration,vibe-clean-pro-facade-cleaning-service-stage-001-11.webp,Equipment,General,Good,Useful Project Evidence,No,,Reuse allowed (non-hero),صورة حقيقية من أعمال فايب كلين برو توضح boom-lift cleaning vehicles positioned outside a c
Article,كيف تختار شركة تنظيف موثوقة — معايير التحقق,Illustration,vibe-clean-pro-warehouse-floor-cleaning-stage-001.webp,General Cleaning,During,Good,Useful Project Evidence,No,,Reuse allowed (non-hero),صورة حقيقية من أعمال فايب كلين برو توضح cleaning large interior floor area
Article,ما يشمله تنظيف ما بعد التشطيب فعليًا,Illustration,vibe-clean-pro-commercial-cleaning-post-construction-riyadh-001.webp,Post-Construction Cleaning,During,Excellent,Strong Project Evidence,No,,Reuse allowed (non-hero),عامل من فايب كلين برو أثناء تنظيف ما بعد البناء والتشطيب ضمن مشروع حقيقي
Article,ما يشمله تنظيف ما بعد التشطيب فعليًا,Illustration,vibe-clean-pro-deep-cleaning-after-stage-001.webp,Post-Construction Cleaning,After,Excellent,Strong Project Evidence,No,,Reuse allowed (non-hero),صورة حقيقية من أعمال فايب كلين برو توضح clean finished villa interior after detailed clean
Article,ما يشمله تنظيف ما بعد التشطيب فعليًا,Illustration,vibe-clean-pro-post-construction-cleaning-room-stage-001.webp,Post-Construction Cleaning,After,Excellent,Strong Project Evidence,No,,Reuse allowed (non-hero),صورة حقيقية من أعمال فايب كلين برو توضح clean finished villa interior after detailed clean
Article,طرق تنظيف الواجهات: حبال / رافعة / سقالة,Illustration,vibe-clean-pro-commercial-facade-cleaning-riyadh-001.webp,Facade Cleaning,During,Excellent,Strong Project Evidence,No,,Reuse allowed (non-hero),صورة حقيقية من أعمال فايب كلين برو توضح cleaning crew working along a large dark commercia
Article,طرق تنظيف الواجهات: حبال / رافعة / سقالة,Illustration,vibe-clean-pro-facade-cleaning-al-jouf-airport-001.webp,Facade Cleaning,During,Excellent,Strong Project Evidence,No,,Reuse allowed (non-hero),صورة حقيقية من أعمال فايب كلين برو توضح boom-lift crew cleaning a multi-storey commercial 
Article,طرق تنظيف الواجهات: حبال / رافعة / سقالة,Illustration,vibe-clean-pro-facade-cleaning-building-001.webp,Facade Cleaning,During,Excellent,Strong Project Evidence,No,,Reuse allowed (non-hero),عامل من فايب كلين برو أثناء تنظيف الواجهات ضمن مشروع حقيقي
Article,تنظيف الزجاج الداخلي المرتفع والثريات,Illustration,vibe-clean-pro-commercial-ceiling-cleaning-during-001.webp,Chandelier Cleaning,During,Excellent,Strong Project Evidence,No,,Reuse allowed (non-hero),صورة حقيقية من أعمال فايب كلين برو توضح worker cleaning large decorative chandelier
Article,تنظيف الزجاج الداخلي المرتفع والثريات,Illustration,vibe-clean-pro-commercial-cleaning-boom-lift-riyadh.webp,High-Level Interior Cleaning,During,Excellent,Strong Project Evidence,No,,Reuse allowed (non-hero),صورة حقيقية من أعمال فايب كلين برو توضح crew cleaning high interior architectural elements
Article,تنظيف الزجاج الداخلي المرتفع والثريات,Illustration,vibe-clean-pro-commercial-cleaning-chandelier-during-001.webp,Chandelier Cleaning,During,Excellent,Strong Project Evidence,No,,Reuse allowed (non-hero),صورة حقيقية من أعمال فايب كلين برو توضح worker cleaning a large chandelier using elevated 
Article,تنظيف الأرضيات أم جلي البلاط؟,Illustration,vibe-clean-pro-floor-cleaning-machine-office-001.webp,Floor Polishing,During,Excellent,Strong Project Evidence,No,,Reuse allowed (non-hero),عامل من فايب كلين برو أثناء جلي وتلميع الأرضيات ضمن مشروع حقيقي
Article,تنظيف الأرضيات أم جلي البلاط؟,Illustration,vibe-clean-pro-floor-cleaning-machine-riyadh.webp,Floor Polishing,During,Excellent,Strong Project Evidence,No,,Reuse allowed (non-hero),عامل من فايب كلين برو أثناء جلي وتلميع الأرضيات ضمن مشروع حقيقي
Article,تنظيف الأرضيات أم جلي البلاط؟,Illustration,vibe-clean-pro-carpet-cleaning-stage-during-001.webp,Floor Cleaning,During,Good,Strong Project Evidence,No,,Reuse allowed (non-hero),صورة حقيقية من أعمال فايب كلين برو توضح worker cleaning or extracting dirt from residentia
Article,تنظيف الأفنية والممرات بضغط الماء,Illustration,vibe-clean-pro-commercial-outdoor-cleaning-mcdonalds.webp,Exterior Surface Cleaning,During,Excellent,Strong Project Evidence,No,,Reuse allowed (non-hero),صورة حقيقية من أعمال فايب كلين برو توضح workers cleaning outdoor restaurant or retail pavi
Article,تنظيف الأفنية والممرات بضغط الماء,Illustration,vibe-clean-pro-outdoor-cleaning-service-stage-001-1.webp,Exterior Surface Cleaning,During,Excellent,Strong Project Evidence,No,,Reuse allowed (non-hero),صورة حقيقية من أعمال فايب كلين برو توضح workers cleaning company yards and outdoor walkway
Article,تنظيف الأفنية والممرات بضغط الماء,Illustration,vibe-clean-pro-facade-cleaning-commercial-building-riyadh.webp,Exterior Surface Cleaning,During,Good,Strong Project Evidence,No,,Reuse allowed (non-hero),صورة حقيقية من أعمال فايب كلين برو توضح team cleaning large outdoor paved area
Article,متى يجب تنظيف خزان المياه وكيف,Illustration,vibe-clean-pro-water-tank-cleaning-worker-during-001.webp,Water Tank Cleaning,During,Excellent,Strong Project Evidence,No,,Reuse allowed (non-hero),صورة من أعمال فايب كلين برو: عامل بكمامة وقفازات يكشط ويعقّم جدار خزان مياه
Article,متى يجب تنظيف خزان المياه وكيف,Illustration,vibe-clean-pro-water-tank-cleaning-riyadh-001.webp,Water Tank Cleaning,During,Good,Strong Project Evidence,No,,Reuse allowed (non-hero),صورة من أعمال فايب كلين برو: عاملان داخل خزان مطلي بالإيبوكسي أثناء العمل
Article,متى يجب تنظيف خزان المياه وكيف,Illustration,vibe-clean-pro-water-tank-cleaning-stage-001.webp,Water Tank Cleaning,During,Good,Strong Project Evidence,No,,Reuse allowed (non-hero),صورة من أعمال فايب كلين برو: مرحلة تنظيف خزان مياه
Article,كم مرة يجب تنظيف المكيف,Illustration,vibe-clean-pro-air-conditioner-cleaning-riyadh-stage-001.webp,Air Conditioner Cleaning,During,Excellent,Strong Project Evidence,No,,Reuse allowed (non-hero),صورة من أعمال فايب كلين برو: فني ينظف وحدة سبليت داخلية مع تغطية واقية للجدار
Article,كم مرة يجب تنظيف المكيف,Illustration,vibe-clean-pro-air-conditioner-cleaning-service-riyadh.webp,Air Conditioner Cleaning,During,Good,Useful Project Evidence,No,,Reuse allowed (non-hero),صورة من أعمال فايب كلين برو: لقطة قريبة لتنظيف ملف مكيف سبليت بالبخار
Article,كم مرة يجب تنظيف المكيف,Illustration,vibe-clean-pro-air-conditioner-cleaning-stage-during-001.webp,Air Conditioner Cleaning,During,Average,Useful Project Evidence,No,,Reuse allowed (non-hero),صورة من أعمال فايب كلين برو: تنظيف وحدة تكييف أثناء التنفيذ
Article,بقع الكنب: بنفسك أم بالبخار,Illustration,vibe-clean-pro-sofa-cleaning-service-riyadh.webp,Sofa Cleaning,During,Excellent,Strong Project Evidence,No,,Reuse allowed (non-hero),صورة من أعمال فايب كلين برو: عامل بالزي ينظف كنبة بالاستخلاص
Article,بقع الكنب: بنفسك أم بالبخار,Illustration,vibe-clean-pro-sofa-upholstery-cleaning-living-room-001.webp,Sofa Cleaning,During,Good,Strong Project Evidence,No,,Reuse allowed (non-hero),صورة من أعمال فايب كلين برو: فريق ينظف كنب صالة كاملة بالمكانس والاستخلاص
Article,بقع الكنب: بنفسك أم بالبخار,Illustration,vibe-clean-pro-upholstery-cleaning-living-room-001.webp,Sofa Cleaning,During,Good,Strong Project Evidence,No,,Reuse allowed (non-hero),عامل من فايب كلين برو أثناء تنظيف الكنب ضمن مشروع حقيقي
Article,تنظيف المكاتب خارج أوقات الدوام,Illustration,vibe-clean-pro-glass-cleaning-villa-stage-during-001-1.webp,Office Cleaning,During,Excellent,Strong Project Evidence,No,,Reuse allowed (non-hero),صورة حقيقية من أعمال فايب كلين برو أثناء تنظيف المكاتب
Article,تنظيف المكاتب خارج أوقات الدوام,Illustration,vibe-clean-pro-office-cleaning-service-stage-001.webp,Office Cleaning,During,Excellent,Strong Project Evidence,No,,Reuse allowed (non-hero),صورة حقيقية من أعمال فايب كلين برو توضح workers cleaning an office interior with glass par
Article,تنظيف المكاتب خارج أوقات الدوام,Illustration,vibe-clean-pro-office-cleaning-worker-window-001.webp,Office Cleaning,During,Excellent,Strong Project Evidence,No,,Reuse allowed (non-hero),صورة حقيقية من أعمال فايب كلين برو توضح worker cleaning desks and workspace surfaces in an
Article,تنظيف المحلات والمعارض قبل الافتتاح,Illustration,vibe-clean-pro-commercial-floor-cleaning-stage-during-001.webp,Commercial Cleaning,During,Excellent,Strong Project Evidence,No,,Reuse allowed (non-hero),صورة حقيقية من أعمال فايب كلين برو توضح workers cleaning large polished commercial floor
Article,تنظيف المحلات والمعارض قبل الافتتاح,Illustration,vibe-clean-pro-facade-cleaning-commercial-building-001-6.webp,Commercial Cleaning,After,Excellent,Useful Project Evidence,No,,Reuse allowed (non-hero),صورة حقيقية من أعمال فايب كلين برو توضح clean commercial building exterior shown after ser
Article,تنظيف المحلات والمعارض قبل الافتتاح,Illustration,vibe-clean-pro-facade-glass-cleaning-aldahayan-trading-co-riyadh-001.webp,Commercial Cleaning,General,Excellent,Useful Project Evidence,No,,Reuse allowed (non-hero),صورة حقيقية من أعمال فايب كلين برو توضح تنظيف تجاري
Article,تنظيف المسابح وصيانتها,Illustration,vibe-clean-pro-outdoor-swimming-pool-cleaning-riyadh-001.webp,Swimming Pool Cleaning,During,Excellent,Strong Project Evidence,No,,Reuse allowed (non-hero),صورة حقيقية من أعمال فايب كلين برو توضح workers cleaning large swimming pool
Article,تنظيف المسابح وصيانتها,Illustration,swimming-pool-cleaning-service-riyadh-during-001.webp,Swimming Pool Cleaning,During,Good,Strong Project Evidence,No,,Reuse allowed (non-hero),صورة حقيقية من أعمال فايب كلين برو توضح workers cleaning villa swimming pool
Article,تنظيف المسابح وصيانتها,Illustration,vibe-clean-pro-swimming-pool-cleaning-during-001.webp,Swimming Pool Cleaning,During,Good,Strong Project Evidence,No,,Reuse allowed (non-hero),صورة حقيقية من أعمال فايب كلين برو توضح worker cleaning tiled swimming pool
Article,تنظيف الحمامات والمطابخ العميق,Illustration,vibe-clean-pro-bathroom-deep-cleaning-after-001.webp,Bathroom Cleaning,After,Excellent,Strong Project Evidence,No,,Reuse allowed (non-hero),نتيجة الموقع بعد تنظيف الحمامات ضمن مشروع حقيقي لفايب كلين برو
Article,تنظيف الحمامات والمطابخ العميق,Illustration,vibe-clean-pro-bathroom-cleaning-worker-riyadh-001-3.webp,Bathroom Cleaning,During,Good,Strong Project Evidence,No,,Reuse allowed (non-hero),صورة حقيقية من أعمال فايب كلين برو توضح worker cleaning bathroom vanity and sink
Article,تنظيف الحمامات والمطابخ العميق,Illustration,vibe-clean-pro-bathroom-cleaning-worker-riyadh-001.webp,Bathroom Cleaning,During,Good,Strong Project Evidence,No,,Reuse allowed (non-hero),عامل من فايب كلين برو أثناء تنظيف الحمامات ضمن مشروع حقيقي
Privacy Hold,Exterior Cleaning,HELD,vibe-clean-pro-cleaning-crew-commercial-site-001.webp,Exterior Cleaning,During,Good,Strong Project Evidence,Yes,,Visible workers/team; confirm publication consent,
Privacy Hold,Villa Cleaning,HELD,vibe-clean-pro-commercial-cleaning-corridor-stage-001-2.webp,Villa Cleaning,During,Good,Strong Project Evidence,Yes,,Workers clearly visible; confirm publication consent,
Privacy Hold,High-Level Interior Cleaning,HELD,vibe-clean-pro-commercial-cleaning-lighting-fixture-riyadh.webp,High-Level Interior Cleaning,During,Weak,Strong Project Evidence,Yes,,Workers clearly visible; confirm publication consent,
Privacy Hold,Sports Facility Cleaning,HELD,vibe-clean-pro-commercial-cleaning-locker-room-stage-001.webp,Sports Facility Cleaning,During,Excellent,Strong Project Evidence,Yes,,Several workers are clearly visible; confirm publication consent,
Privacy Hold,Commercial Cleaning,HELD,vibe-clean-pro-commercial-cleaning-mall-floor-001.webp,Commercial Cleaning,During,Excellent,Strong Project Evidence,Maybe,,Public commercial environment and multiple workers; review signage/people before,
Privacy Hold,Commercial Cleaning,HELD,vibe-clean-pro-commercial-cleaning-mall-stage-001-1.webp,Commercial Cleaning,During,Excellent,Strong Project Evidence,Maybe,,Public commercial environment and multiple workers; review signage/people before,
Privacy Hold,Exterior Surface Cleaning,HELD,vibe-clean-pro-commercial-cleaning-outdoor-stage-001.webp,Exterior Surface Cleaning,During,Weak,Strong Project Evidence,Yes,,Workers clearly visible; confirm publication consent,
Privacy Hold,High-Level Interior Cleaning,HELD,vibe-clean-pro-commercial-cleaning-stage-001.webp,High-Level Interior Cleaning,During,Good,Strong Project Evidence,Yes,,Workers clearly visible; confirm publication consent,
Privacy Hold,General Cleaning,HELD,vibe-clean-pro-commercial-cleaning-team-riyadh-001-2.webp,General Cleaning,General,Excellent,Strong Project Evidence,Yes,,Multiple identifiable workers; confirm publication consent,
Privacy Hold,General Cleaning,HELD,vibe-clean-pro-commercial-cleaning-team-riyadh-001.webp,General Cleaning,General,Excellent,Strong Project Evidence,Yes,,Multiple identifiable workers; confirm publication consent,
Privacy Hold,Commercial Cleaning,HELD,vibe-clean-pro-commercial-cleaning-team-site-001.webp,Commercial Cleaning,During,Good,Strong Project Evidence,Yes,,Visible workers/team; confirm publication consent,
Privacy Hold,Office Cleaning,HELD,vibe-clean-pro-commercial-glass-cleaning-riyadh-001-1.webp,Office Cleaning,During,Good,Strong Project Evidence,Yes,,Workers clearly visible; confirm publication consent,
Privacy Hold,Glass Cleaning,HELD,vibe-clean-pro-commercial-glass-cleaning-riyadh-001.webp,Glass Cleaning,During,Good,Strong Project Evidence,Yes,,Worker face clearly visible; confirm publication consent,
Privacy Hold,Kitchen Cleaning,HELD,vibe-clean-pro-commercial-kitchen-cleaning-stage-001-1.webp,Kitchen Cleaning,During,Good,Strong Project Evidence,Yes,,Workers clearly visible; confirm publication consent,
Privacy Hold,Kitchen Cleaning,HELD,vibe-clean-pro-commercial-kitchen-cleaning-stage-001.webp,Kitchen Cleaning,During,Good,Strong Project Evidence,Yes,,Workers clearly visible; confirm publication consent,
Privacy Hold,Office Cleaning,HELD,vibe-clean-pro-commercial-post-construction-cleaning-riyadh-001-1.webp,Office Cleaning,During,Excellent,Strong Project Evidence,Yes,,Workers clearly visible; confirm publication consent,
Privacy Hold,Commercial Cleaning,HELD,vibe-clean-pro-commercial-shopping-mall-cleaning-stage-during-001.webp,Commercial Cleaning,During,Excellent,Strong Project Evidence,Maybe,,Public commercial environment and multiple workers; review signage/people before,
Privacy Hold,Exterior Surface Cleaning,HELD,vibe-clean-pro-commercial-staircase-post-construction-cleaning-001.webp,Exterior Surface Cleaning,During,Weak,Strong Project Evidence,Yes,,Workers clearly visible; confirm publication consent,
Privacy Hold,High-Level Interior Cleaning,HELD,vibe-clean-pro-deep-cleaning-carpet-worker-001.webp,High-Level Interior Cleaning,During,Good,Strong Project Evidence,Yes,,Workers clearly visible; confirm publication consent,
Privacy Hold,High-Level Interior Cleaning,HELD,vibe-clean-pro-deep-cleaning-villa-stage-001-1.webp,High-Level Interior Cleaning,During,Good,Strong Project Evidence,Yes,,Workers clearly visible; confirm publication consent,
Privacy Hold,Villa Cleaning,HELD,vibe-clean-pro-deep-cleaning-worker-majlis-001.webp,Villa Cleaning,During,Weak,Strong Project Evidence,Yes,,Workers clearly visible; confirm publication consent,
Privacy Hold,Glass Cleaning,HELD,vibe-clean-pro-facade-cleaning-scissor-lift-riyadh-001.webp,Glass Cleaning,During,Good,Strong Project Evidence,Yes,,Workers clearly visible; confirm publication consent,
Privacy Hold,Glass Cleaning,HELD,vibe-clean-pro-facade-glass-cleaning-stage-during-001.webp,Glass Cleaning,During,Good,Strong Project Evidence,Yes,,Workers clearly visible; confirm publication consent,
Privacy Hold,Villa Cleaning,HELD,vibe-clean-pro-floor-cleaning-service-stage-001-1.webp,Villa Cleaning,During,Good,Strong Project Evidence,Yes,,Workers clearly visible; confirm publication consent,
Privacy Hold,Exterior Surface Cleaning,HELD,vibe-clean-pro-floor-cleaning-service-stage-001-2.webp,Exterior Surface Cleaning,During,Weak,Strong Project Evidence,Yes,,Workers clearly visible; confirm publication consent,
Privacy Hold,Exterior Surface Cleaning,HELD,vibe-clean-pro-floor-cleaning-villa-outdoor-001.webp,Exterior Surface Cleaning,During,Weak,Strong Project Evidence,Yes,,Workers clearly visible; confirm publication consent,
Privacy Hold,Office Cleaning,HELD,vibe-clean-pro-general-cleaning-4.webp,Office Cleaning,During,Weak,Strong Project Evidence,Yes,,Workers clearly visible; confirm publication consent,
Privacy Hold,Office Cleaning,HELD,vibe-clean-pro-general-cleaning-5.webp,Office Cleaning,During,Good,Strong Project Evidence,Yes,,Workers clearly visible; confirm publication consent,
Privacy Hold,High-Level Interior Cleaning,HELD,vibe-clean-pro-glass-cleaning-rooftop-railing-001.webp,High-Level Interior Cleaning,During,Good,Strong Project Evidence,Yes,,Workers clearly visible; confirm publication consent,
Privacy Hold,Exterior Surface Cleaning,HELD,vibe-clean-pro-glass-cleaning-service-riyadh-stage-001-1.webp,Exterior Surface Cleaning,During,Weak,Strong Project Evidence,Yes,,Workers clearly visible; confirm publication consent,
Privacy Hold,Glass Cleaning,HELD,vibe-clean-pro-glass-cleaning-service-riyadh-stage-001.webp,Glass Cleaning,During,Good,Strong Project Evidence,Yes,,Workers clearly visible; confirm publication consent,
Privacy Hold,High-Level Interior Cleaning,HELD,vibe-clean-pro-glass-cleaning-service-stage-001-4.webp,High-Level Interior Cleaning,During,Good,Strong Project Evidence,Yes,,Workers clearly visible; confirm publication consent,
Privacy Hold,Office Cleaning,HELD,vibe-clean-pro-glass-cleaning-service-stage-001-5.webp,Office Cleaning,During,Good,Strong Project Evidence,Yes,,Workers clearly visible; confirm publication consent,
Privacy Hold,Exterior Surface Cleaning,HELD,vibe-clean-pro-glass-cleaning-service-stage-during-001.webp,Exterior Surface Cleaning,During,Weak,Strong Project Evidence,Yes,,Workers clearly visible; confirm publication consent,
Privacy Hold,High-Level Interior Cleaning,HELD,vibe-clean-pro-glass-cleaning-stage-001.webp,High-Level Interior Cleaning,During,Good,Strong Project Evidence,Yes,,Workers clearly visible; confirm publication consent,
Privacy Hold,Office Cleaning,HELD,vibe-clean-pro-home-cleaning-dining-table-riyadh-001.webp,Office Cleaning,During,Good,Strong Project Evidence,Yes,,Workers clearly visible; confirm publication consent,
Privacy Hold,Exterior Surface Cleaning,HELD,vibe-clean-pro-home-cleaning-dresser-wipe-001.webp,Exterior Surface Cleaning,During,Weak,Strong Project Evidence,Yes,,Workers clearly visible; confirm publication consent,
Privacy Hold,Office Cleaning,HELD,vibe-clean-pro-living-room-carpet-vacuuming-001.webp,Office Cleaning,During,Good,Strong Project Evidence,Yes,,Workers clearly visible; confirm publication consent,
Privacy Hold,Office Cleaning,HELD,vibe-clean-pro-marble-stair-cleaning-riyadh-001.webp,Office Cleaning,During,Weak,Strong Project Evidence,Yes,,Workers clearly visible; confirm publication consent,
Privacy Hold,Office Cleaning,HELD,vibe-clean-pro-office-chair-cleaning-stage-during.webp,Office Cleaning,During,Good,Strong Project Evidence,Yes,,Workers clearly visible; confirm publication consent,
Privacy Hold,Office Cleaning,HELD,vibe-clean-pro-office-cleaning-desk-wiping-riyadh.webp,Office Cleaning,During,Good,Strong Project Evidence,Yes,,Workers clearly visible; confirm publication consent,
Privacy Hold,Office Cleaning,HELD,vibe-clean-pro-office-cleaning-glass-stage-001.webp,Office Cleaning,During,Good,Strong Project Evidence,Yes,,Workers clearly visible; confirm publication consent,
Privacy Hold,Office Cleaning,HELD,vibe-clean-pro-office-cleaning-service-stage-001-1.webp,Office Cleaning,During,Good,Strong Project Evidence,Yes,,Workers clearly visible; confirm publication consent,
Privacy Hold,Office Cleaning,HELD,vibe-clean-pro-office-cleaning-service-stage-during.webp,Office Cleaning,During,Excellent,Strong Project Evidence,Yes,,Workers clearly visible; confirm publication consent,
Privacy Hold,Office Cleaning,HELD,vibe-clean-pro-office-cleaning-stage-during-001-1.webp,Office Cleaning,During,Weak,Strong Project Evidence,Yes,,Workers clearly visible; confirm publication consent,
Privacy Hold,Office Cleaning,HELD,vibe-clean-pro-office-cleaning-stage-during-001-2.webp,Office Cleaning,During,Excellent,Strong Project Evidence,Yes,,Workers clearly visible; confirm publication consent,
Privacy Hold,Office Cleaning,HELD,vibe-clean-pro-office-cleaning-stage-during-001.webp,Office Cleaning,During,Good,Strong Project Evidence,Yes,,Workers clearly visible; confirm publication consent,
Privacy Hold,Office Cleaning,HELD,vibe-clean-pro-office-cleaning-stage-during.webp,Office Cleaning,During,Good,Strong Project Evidence,Yes,,Workers clearly visible; confirm publication consent,
Privacy Hold,Office Cleaning,HELD,vibe-clean-pro-office-cleaning-worker-desks-riyadh-001.webp,Office Cleaning,During,Good,Strong Project Evidence,Yes,,Workers clearly visible; confirm publication consent,
Privacy Hold,Glass Cleaning,HELD,vibe-clean-pro-office-cleaning-worker-window-001-1.webp,Glass Cleaning,During,Good,Strong Project Evidence,Yes,,Workers clearly visible; confirm publication consent,
Privacy Hold,Office Cleaning,HELD,vibe-clean-pro-office-cleaning-worker-wiping-desk-riyadh.webp,Office Cleaning,During,Good,Strong Project Evidence,Yes,,Workers clearly visible; confirm publication consent,
Privacy Hold,Office Cleaning,HELD,vibe-clean-pro-office-cleaning-worker-wiping-drawer.webp,Office Cleaning,During,Good,Strong Project Evidence,Yes,,Workers clearly visible; confirm publication consent,
Privacy Hold,Office Cleaning,HELD,vibe-clean-pro-office-glass-cleaning-riyadh-001.webp,Office Cleaning,During,Good,Strong Project Evidence,Yes,,Workers clearly visible; confirm publication consent,
Privacy Hold,Office Cleaning,HELD,vibe-clean-pro-office-glass-cleaning-stage-001.webp,Office Cleaning,During,Good,Strong Project Evidence,Yes,,Workers clearly visible; confirm publication consent,
Privacy Hold,Exterior Surface Cleaning,HELD,vibe-clean-pro-outdoor-cleaning-worker-sweeping-leaves-riyadh-001.webp,Exterior Surface Cleaning,During,Weak,Strong Project Evidence,Yes,,Workers clearly visible; confirm publication consent,
Privacy Hold,Exterior Surface Cleaning,HELD,vibe-clean-pro-outdoor-floor-cleaning-riyadh-stage-001.webp,Exterior Surface Cleaning,During,Weak,Strong Project Evidence,Yes,,Workers clearly visible; confirm publication consent,
Privacy Hold,Garden / Exterior Cleaning,HELD,vibe-clean-pro-outdoor-furniture-cleaning-riyadh-001.webp,Garden / Exterior Cleaning,During,Good,Strong Project Evidence,Yes,,Workers clearly visible; confirm publication consent,
Privacy Hold,Garden / Exterior Cleaning,HELD,vibe-clean-pro-outdoor-furniture-cleaning-riyadh.webp,Garden / Exterior Cleaning,During,Good,Strong Project Evidence,Yes,,Workers clearly visible; confirm publication consent,
Privacy Hold,Bathroom Cleaning,HELD,vibe-clean-pro-post-construction-cleaning-bathroom-stage-001-3.webp,Bathroom Cleaning,During,Weak,Strong Project Evidence,Yes,,Workers clearly visible; confirm publication consent,
Privacy Hold,High-Level Interior Cleaning,HELD,vibe-clean-pro-post-construction-cleaning-commercial-site-001.webp,High-Level Interior Cleaning,During,Good,Strong Project Evidence,Yes,,Workers clearly visible; confirm publication consent,
Privacy Hold,Exterior Surface Cleaning,HELD,vibe-clean-pro-post-construction-cleaning-glass-facade-riyadh-001.webp,Exterior Surface Cleaning,During,Weak,Strong Project Evidence,Yes,,Workers clearly visible; confirm publication consent,
Privacy Hold,Exterior Surface Cleaning,HELD,vibe-clean-pro-post-construction-cleaning-outdoor-stage-001-1.webp,Exterior Surface Cleaning,During,Weak,Strong Project Evidence,Yes,,Workers clearly visible; confirm publication consent,
Privacy Hold,Office Cleaning,HELD,vibe-clean-pro-post-construction-cleaning-stage-001-4.webp,Office Cleaning,During,Weak,Strong Project Evidence,Yes,,Workers clearly visible; confirm publication consent,
Privacy Hold,Villa Cleaning,HELD,vibe-clean-pro-post-construction-cleaning-villa-001.webp,Villa Cleaning,During,Good,Strong Project Evidence,Yes,,Workers clearly visible; confirm publication consent,
Privacy Hold,Glass Cleaning,HELD,vibe-clean-pro-post-construction-cleaning-worker-stage-001-3.webp,Glass Cleaning,During,Weak,Strong Project Evidence,Yes,,Workers clearly visible; confirm publication consent,
Privacy Hold,Exterior Surface Cleaning,HELD,vibe-clean-pro-post-construction-staircase-cleaning-riyadh.webp,Exterior Surface Cleaning,During,Weak,Strong Project Evidence,Yes,,Workers clearly visible; confirm publication consent,
Privacy Hold,Exterior Surface Cleaning,HELD,vibe-clean-pro-staircase-cleaning-service-riyadh-001.webp,Exterior Surface Cleaning,During,Weak,Strong Project Evidence,Yes,,Workers clearly visible; confirm publication consent,
Privacy Hold,Exterior Surface Cleaning,HELD,vibe-clean-pro-swimming-pool-cleaning-stage-during-riyadh-1.webp,Exterior Surface Cleaning,During,Weak,Strong Project Evidence,Yes,,Workers clearly visible; confirm publication consent,
Privacy Hold,Exterior Surface Cleaning,HELD,vibe-clean-pro-swimming-pool-cleaning-stage-during-riyadh.webp,Exterior Surface Cleaning,During,Weak,Strong Project Evidence,Yes,,Workers clearly visible; confirm publication consent,
Privacy Hold,Disinfection / Deep Cleaning,HELD,vibe-clean-pro-team-disinfection-service-riyadh.webp,Disinfection / Deep Cleaning,During,Excellent,Strong Project Evidence,Yes,,Visible workers/team; confirm publication consent,
Privacy Hold,Office Cleaning,HELD,vibe-clean-pro-upholstery-cleaning-living-room-stage-001.webp,Office Cleaning,During,Good,Strong Project Evidence,Yes,,Workers clearly visible; confirm publication consent,
Privacy Hold,Furniture Cleaning,HELD,vibe-clean-pro-water-tank-cleaning-stage-during.webp,Furniture Cleaning,During,Weak,Strong Project Evidence,Yes,,Workers clearly visible; confirm publication consent,
Privacy Hold,Exterior Surface Cleaning,HELD,VID-20260507-WA0070.mp4,Exterior Surface Cleaning,During,Yes,Strong Project Evidence,Yes,,Workers are identifiable or clearly visible; confirm publication consent,
Privacy Hold,Post-Construction Cleaning,HELD,VID-20260507-WA0072.mp4,Post-Construction Cleaning,During,Yes,Strong Project Evidence,Yes,,Workers are identifiable or clearly visible; confirm publication consent,
Privacy Hold,Post-Construction Cleaning,HELD,VID-20260507-WA0125.mp4,Post-Construction Cleaning,During,Yes,Strong Project Evidence,Yes,,Workers are identifiable or clearly visible; confirm publication consent,
Privacy Hold,Glass Cleaning,HELD,VID-20260507-WA0126.mp4,Glass Cleaning,During,Yes,Strong Project Evidence,Yes,,Workers are identifiable or clearly visible; confirm publication consent,
Privacy Hold,High-Level Interior Cleaning,HELD,VID-20260507-WA0127.mp4,High-Level Interior Cleaning,During,Yes,Strong Project Evidence,Yes,,Workers are identifiable or clearly visible; confirm publication consent,
Privacy Hold,Glass Cleaning,HELD,VID-20260507-WA0128.mp4,Glass Cleaning,During,Yes,Strong Project Evidence,Yes,,Workers are identifiable or clearly visible; confirm publication consent,
Privacy Hold,Villa Cleaning,HELD,VID-20260507-WA0129.mp4,Villa Cleaning,During,Yes,Strong Project Evidence,Yes,,Workers are identifiable or clearly visible; confirm publication consent,
Privacy Hold,Exterior Surface Cleaning,HELD,VID-20260523-WA0095.mp4,Exterior Surface Cleaning,During,Yes,Strong Project Evidence,Yes,,Workers are identifiable or clearly visible; confirm publication consent,
Privacy Hold,Exterior Surface Cleaning,HELD,VID-20260523-WA0096.mp4,Exterior Surface Cleaning,During,Yes,Strong Project Evidence,Yes,,Workers are identifiable or clearly visible; confirm publication consent,
Privacy Hold,Facade Cleaning,HELD,VID-20260523-WA0097.mp4,Facade Cleaning,During,Yes,Strong Project Evidence,Yes,,Workers are identifiable or clearly visible; confirm publication consent,
Privacy Hold,Facade Cleaning,HELD,VID-20260523-WA0098.mp4,Facade Cleaning,During,Yes,Strong Project Evidence,Yes,,Workers are identifiable or clearly visible; confirm publication consent,
Privacy Hold,Exterior Surface Cleaning,HELD,VID-20260523-WA0099.mp4,Exterior Surface Cleaning,During,Yes,Strong Project Evidence,Yes,,Workers are identifiable or clearly visible; confirm publication consent,
Privacy Hold,Facade Cleaning,HELD,VID-20260523-WA0100.mp4,Facade Cleaning,During,Yes,Strong Project Evidence,Yes,,Workers are identifiable or clearly visible; confirm publication consent,
Privacy Hold,Exterior Surface Cleaning,HELD,VID-20260523-WA0101.mp4,Exterior Surface Cleaning,During,Yes,Strong Project Evidence,Yes,,Workers are identifiable or clearly visible; confirm publication consent,
Privacy Hold,Facade Cleaning,HELD,VID-20260523-WA0102.mp4,Facade Cleaning,During,Yes,Strong Project Evidence,Yes,,Workers are identifiable or clearly visible; confirm publication consent,
Privacy Hold,Facade Cleaning,HELD,VID-20260729-WA0035.mp4,Facade Cleaning,During,Yes,Strong Project Evidence,Yes,,Workers are identifiable or clearly visible; confirm publication consent,
Privacy Hold,Facade Cleaning,HELD,VID-20260730-WA0011.mp4,Facade Cleaning,During,Yes,Strong Project Evidence,Yes,,Workers are identifiable or clearly visible; confirm publication consent,
Privacy Hold,Facade Cleaning,HELD,VID-20260730-WA0012.mp4,Facade Cleaning,During,Yes,Strong Project Evidence,Yes,,Workers are identifiable or clearly visible; confirm publication consent,
Privacy Hold,Office Cleaning,HELD,VID-20260801-WA0019.mp4,Office Cleaning,During,Yes,Strong Project Evidence,Yes,,Workers are identifiable or clearly visible; confirm publication consent,
Privacy Hold,Villa Cleaning,HELD,VID-20260916-WA0000.mp4,Villa Cleaning,During,Yes,Strong Project Evidence,Yes,,Workers are identifiable or clearly visible; confirm publication consent,
Privacy Hold,Team / Brand,HELD,VID-20260916-WA0001.mp4,Team / Brand,General,Yes,Brand / Team Evidence,Yes,,Workers are identifiable or clearly visible; confirm publication consent,
Privacy Hold,Villa Cleaning,HELD,VID-20260916-WA0002.mp4,Villa Cleaning,During,Yes,Strong Project Evidence,Yes,,Workers are identifiable or clearly visible; confirm publication consent,
Privacy Hold,High-Level Interior Cleaning,HELD,VID-20260916-WA0004.mp4,High-Level Interior Cleaning,During,Yes,Strong Project Evidence,Yes,,Workers are identifiable or clearly visible; confirm publication consent,
Privacy Hold,Glass Cleaning,HELD,VID-20260916-WA0005.mp4,Glass Cleaning,During,Yes,Strong Project Evidence,Yes,,Workers are identifiable or clearly visible; confirm publication consent,
Privacy Hold,Villa Cleaning,HELD,VID-20260916-WA0006.mp4,Villa Cleaning,During,Yes,Strong Project Evidence,Yes,,Workers are identifiable or clearly visible; confirm publication consent,
Privacy Hold,Glass Cleaning,HELD,VID-20260916-WA0007.mp4,Glass Cleaning,During,Yes,Strong Project Evidence,Yes,,Workers are identifiable or clearly visible; confirm publication consent,
Privacy Hold,Post-Construction Cleaning,HELD,VID-20260916-WA0008.mp4,Post-Construction Cleaning,During,Yes,Strong Project Evidence,Yes,,Workers are identifiable or clearly visible; confirm publication consent,
Privacy Hold,Floor Cleaning,HELD,VID-20260916-WA0009.mp4,Floor Cleaning,During,Yes,Strong Project Evidence,Yes,,Workers are identifiable or clearly visible; confirm publication consent,
Privacy Hold,Deep Cleaning,HELD,vibe-clean-pro-deep-cleaning-living-room-riyadh-001.webp,Deep Cleaning,During,Excellent,Strong Project Evidence,Maybe,,عاملان ظاهران,
Provenance Flag,Air Conditioner Cleaning,FLAGGED,vibe-clean-pro-air-conditioner-cleaning-service-riyadh.webp,Air Conditioner Cleaning,During,Good,Useful Project Evidence,No,,يحتاج تأكيد المصدر — أسلوب تصوير مختلف عن باقي المكتبة,
Provenance Flag,Commercial Cleaning,FLAGGED,vibe-clean-pro-commercial-cleaning-after-001.webp,Commercial Cleaning,After,Good,Useful Project Evidence,No,,يحتاج تأكيد المصدر — أسلوب تصوير مختلف عن باقي المكتبة,
Provenance Flag,Commercial Cleaning,FLAGGED,vibe-clean-pro-commercial-corridor-cleaning-after-001.webp,Commercial Cleaning,After,Good,Useful Project Evidence,No,,يحتاج تأكيد المصدر — أسلوب تصوير مختلف عن باقي المكتبة,
Provenance Flag,Commercial Cleaning,FLAGGED,vibe-clean-pro-commercial-warehouse-floor-cleaning-after-001-1.webp,Commercial Cleaning,After,Good,Useful Project Evidence,No,,يحتاج تأكيد المصدر — أسلوب تصوير مختلف عن باقي المكتبة,
Provenance Flag,Commercial Cleaning,FLAGGED,vibe-clean-pro-commercial-warehouse-floor-cleaning-after-001.webp,Commercial Cleaning,After,Good,Useful Project Evidence,No,,يحتاج تأكيد المصدر — أسلوب تصوير مختلف عن باقي المكتبة,
Provenance Flag,Commercial Cleaning,FLAGGED,vibe-clean-pro-warehouse-floor-cleaning-after-001.webp,Commercial Cleaning,After,Good,Useful Project Evidence,No,,يحتاج تأكيد المصدر — أسلوب تصوير مختلف عن باقي المكتبة,
Provenance Flag,Water Tank Cleaning,FLAGGED,vibe-clean-pro-water-tank-cleaning-riyadh-001.webp,Water Tank Cleaning,During,Good,Strong Project Evidence,No,,يحتاج تأكيد المصدر — أسلوب تصوير مختلف عن باقي المكتبة,
Duplicate,IMG-20260801-WA0010.webp,IGNORED COPY,vibe-clean-pro-bathroom-cleaning-worker-stage-during.webp,Villa Cleaning,,,,,,same hash as vibe-clean-pro-bathroom-cleaning-worker-riyadh-001-2.webp,
Duplicate,IMG-20260801-WA0009.webp,IGNORED COPY,vibe-clean-pro-commercial-cleaning-office-bathroom-after-001.webp,Villa Cleaning,,,,,,same hash as vibe-clean-pro-commercial-bathroom-cleaning-after-001-1.webp,
Duplicate,IMG-20260801-WA0004.webp,IGNORED COPY,vibe-clean-pro-commercial-cleaning-bathroom-stage-001.webp,Villa Cleaning,,,,,,same hash as vibe-clean-pro-commercial-cleaning-bathroom-stage-001-1.webp,
Duplicate,IMG-20260801-WA0006.webp,IGNORED COPY,vibe-clean-pro-commercial-cleaning-bathroom-stalls-001.webp,Villa Cleaning,,,,,,same hash as vibe-clean-pro-commercial-cleaning-bathroom-stalls-001-1.webp,
Duplicate,IMG-20260801-WA0013.webp,IGNORED COPY,vibe-clean-pro-commercial-corridor-cleaning-stage-001.webp,Villa Cleaning,,,,,,same hash as vibe-clean-pro-commercial-cleaning-corridor-stage-001-2.webp,
Duplicate,IMG-20260801-WA0017.webp,IGNORED COPY,vibe-clean-pro-floor-cleaning-service-stage-001.webp,Villa Cleaning,,,,,,same hash as vibe-clean-pro-floor-cleaning-service-stage-001-1.webp,
Duplicate,img_69ace5273a98c2.98368657.webp,IGNORED COPY,vibe-clean-pro-glass-cleaning-office-during-001-1.webp,Glass Cleaning,,,,,,same hash as vibe-clean-pro-glass-cleaning-office-001.webp,
